,NEPALESE,KHORTHA,KORTHA,KUDUKH,MARWARI,BAJJIKA,BADAYUNI,KHANDESHI,DORLI,NAGPURI,HARAUTI,BEARYBASHE,RAJBANGSHI,GONDI,KURUMALI,BANTAR,JAIPURI,MALVANI,KONKANI,RAJASTHANI,UNKNOWN,CHATTISGARHI,KHARI BOLI
Bhojpuri,2,2,0,0,0,1779,0,0,0,58,0,0,0,0,0,0,0,0,0,0,0,471,11
Hindi,6,2252,0,63,11994,5486,0,34,4,381,111,172,1,1,162,0,622,285,729,9294,333,41169,5434
Panjabi,3,524,0,7,5425,139,0,27,8,8,4,7,0,4,3,1,65,48,412,8908,6,2148,512
Nepali (individual language),11,392,0,1,170,3206,0,170,2,41,0,3,0,1,11,1,3,117,863,824,1,1290,74
Gujarati,19,331,0,2,1620,746,11,78,2,35,0,0,3,1,4,0,8,118,870,2672,5,4392,87
Bengali,2,767,79,11,282,2761,45,75,778,36,0,5,91,4,5,0,2,85,448,660,0,2944,196
Portuguese,1,0,0,0,4,8,0,7,2,0,0,1,0,0,0,0,0,5,15,24,0,14,0
Haitian,1,6,0,0,9,6,0,12,3,0,0,1,0,0,0,0,0,17,50,29,0,23,0
Assamese,2,868,0,5,73,1586,1,52,47,19,1,2,3,1,16,0,1,120,459,597,4,835,33
Telugu,3,263,0,5,398,33,1,120,5,3,0,284,0,117,0,0,7,225,913,1414,0,317,53
Mahasu Pahari,1,116,0,0,97,147,0,6,0,3,0,0,0,0,1,0,1,24,68,128,0,269,3
Sindhi,3,570,0,6,1902,340,0,41,1,17,0,14,0,7,0,1,5,40,352,5120,1,3041,299
Marathi,2,458,0,2,543,203,110,1745,6,23,0,6,0,3,179,244,11,4641,21171,1052,4,4283,52
Sinhala,0,57,0,0,302,64,0,56,3,0,1,38,0,22,0,0,2,55,209,1064,0,405,43
Urdu,0,407,0,3,3581,175,0,10,1,2,3,12,0,1,15,0,69,34,168,5005,10,3102,1021
Falam Chin,0,2,0,0,0,0,0,0,0,0,0,0,0,0,0,0,0,0,3,0,0,5,0
Eastern Tamang,0,3,0,0,0,1,0,1,0,0,0,0,0,0,0,0,0,0,12,4,0,8,0
Bhili,0,38,0,0,205,9,0,1,0,4,0,0,0,0,6,0,0,20,20,65,0,321,1
Kupia,0,11,0,0,22,0,0,0,0,1,0,0,0,4,0,0,0,2,2,26,0,11,0
Suruí,0,8,0,0,16,4,0,0,0,0,0,0,0,2,0,0,0,0,3,24,0,55,0
Sirmauri,0,49,0,0,27,13,0,0,0,3,0,0,0,0,1,0,0,2,7,45,0,62,0
Kullu Pahari,0,136,0,0,346,18,0,2,0,1,0,0,0,0,0,0,0,5,19,291,0,1068,6
Khasi,0,3,0,0,0,12,0,0,0,0,0,0,0,0,0,0,0,1,1,0,0,11,2
Burmese,0,28,0,0,10,25,0,5,0,0,0,0,0,0,1,0,0,2,28,89,0,68,6
Pushto,0,79,0,2,277,34,0,117,5,1,0,2,0,5,0,0,4,73,416,1405,0,554,17
Norwegian Nynorsk,0,8,0,0,19,5,0,1,1,0,0,0,0,2,1,0,0,4,22,153,0,16,4
Manipuri,0,30,0,0,4,245,0,1,0,2,0,0,0,2,0,0,0,0,5,23,0,175,3
Santali,0,59,0,0,9,41,0,1,0,5,0,0,0,0,0,0,0,2,11,10,0,90,2
Langi,0,1,0,0,0,0,0,0,0,0,0,0,0,0,0,0,0,0,0,1,0,0,0
Churahi,0,9,0,0,77,1,0,0,0,0,0,0,0,0,0,0,0,1,0,230,0,24,1
Haryanvi,0,17,0,0,185,0,0,0,0,0,0,0,0,0,0,0,0,0,2,145,0,37,3
Marwari (Pakistan),0,64,0,0,454,55,0,0,0,5,1,0,0,0,0,0,0,1,0,299,0,590,51
Sundanese,0,22,0,0,2,7,0,8,0,1,0,0,0,2,0,0,0,11,13,42,0,55,1
Tamil,0,13,0,0,206,1,0,3,0,0,0,168,0,8,0,0,0,9,13,777,0,29,8
Adi,0,4,0,0,0,0,0,0,0,0,0,0,0,0,0,0,0,1,0,0,0,1,0
Murrinh-Patha,0,20,0,0,17,2,0,2,0,0,0,2,0,38,0,0,0,24,20,84,0,28,4
Sadri,0,79,0,0,4,66,0,0,0,41,0,0,0,0,1,0,0,1,0,7,0,1049,3
Kannada,0,64,0,11,780,40,0,73,1,3,0,211,0,71,1,0,11,126,418,1426,0,337,29
Kamba (Kenya),0,1,0,0,1,0,0,1,0,0,0,0,0,0,0,0,0,2,0,7,0,3,0
Malayalam,0,30,0,1,228,10,0,22,2,0,0,283,0,3,0,0,1,27,149,478,0,48,15
Korwa,0,6,0,0,6,0,0,0,0,0,0,0,0,0,0,0,0,0,0,1,0,6,0
Fiji Hindi,0,27,0,1,54,124,0,0,0,12,2,0,0,0,0,0,2,2,11,78,0,1389,19
Korean,0,7,0,0,2,1,0,4,8,0,0,0,0,0,0,0,2,11,55,37,0,10,1
Central Kurdish,0,1,0,0,1,1,0,0,0,0,0,0,0,0,0,0,0,0,1,3,0,10,0
Odia,0,117,0,0,17,145,0,1,0,22,0,0,4,0,3,0,0,24,39,37,1,117,4
Maori,0,16,0,0,20,38,0,4,0,0,0,0,0,3,0,0,0,5,9,110,0,51,4
Vietnamese,0,2,0,0,0,3,0,0,1,1,0,0,0,0,0,0,0,1,6,13,0,10,1
Breton,0,9,0,0,2,9,0,1,1,0,0,0,0,0,0,0,0,0,10,25,1,15,0
Gaddi,0,18,0,0,347,1,0,0,0,1,0,0,0,0,0,0,1,4,1,576,0,43,6
Dhatki,0,29,0,0,138,7,0,0,0,2,0,0,0,0,0,0,0,0,0,89,0,66,3
Ruching Palaung,0,1,0,0,1,2,0,0,0,0,0,0,0,0,0,0,0,0,0,2,0,2,0
Mongolian,0,4,0,0,12,0,0,4,12,0,0,1,0,0,0,0,0,3,7,72,0,17,3
Mwani,0,1,0,0,0,0,0,0,0,0,0,0,0,0,0,0,0,0,1,0,0,0,0
Malvi,0,8,0,0,104,0,0,0,0,0,0,0,0,0,0,0,0,0,0,27,0,34,0
Mundari,0,43,0,0,10,13,0,0,0,1,0,0,0,0,0,0,0,1,0,16,0,59,0
Bundeli,0,23,0,0,50,38,0,0,0,1,0,0,0,0,1,0,0,0,0,11,0,275,21
Wik-Mungkan,0,22,0,0,13,7,0,1,0,0,0,0,0,6,0,0,0,12,7,88,0,65,1
Lao,0,8,0,0,6,16,0,6,0,0,0,0,0,0,0,0,0,3,13,22,0,29,1
Macedonian,0,1,0,0,0,0,0,5,2,0,0,0,0,0,0,0,1,1,6,20,0,2,0
Dhimal,0,4,0,0,2,0,0,0,0,0,0,0,0,0,0,0,0,2,9,1,0,6,0
Kurukh,0,99,0,20,48,176,0,0,0,106,0,0,0,0,4,0,0,7,10,66,0,1591,9
Mru,0,2,0,0,0,4,0,0,0,1,0,0,0,0,0,0,0,0,3,0,0,5,0
Khmer,0,6,0,0,0,7,0,2,0,0,0,1,0,0,0,0,0,0,0,11,0,11,2
Malay (individual language),0,7,0,0,4,3,0,10,0,0,0,4,0,0,0,0,0,18,130,65,0,43,1
Sanskrit,0,36,0,0,25,27,0,5,0,0,0,0,0,0,0,0,2,29,53,80,0,359,14
Javanese,0,60,0,0,13,21,0,31,8,0,0,3,0,3,0,0,0,28,60,168,0,145,5
Hinduri,0,1,0,0,48,0,0,0,0,0,0,0,0,0,0,0,0,0,6,13,0,22,4
Kashmiri,0,34,0,0,320,39,0,7,0,0,0,0,0,0,0,0,2,24,92,298,0,188,12
Kumaoni,0,19,0,0,14,17,0,0,0,0,0,0,0,0,0,0,1,0,2,4,0,202,1
Catalan,0,2,0,1,1,0,0,3,2,0,0,0,0,0,0,0,0,4,22,14,0,6,0
Wagdi,0,23,0,0,121,44,0,0,0,3,0,0,0,0,2,0,0,0,1,41,0,253,3
Malagasy,0,4,0,0,2,1,0,13,2,0,0,0,0,0,0,0,0,7,12,29,0,21,3
Somali,0,28,0,0,20,72,0,7,3,0,0,4,0,5,0,0,0,9,14,148,0,113,4
Wolof,0,20,0,0,5,9,0,6,4,0,0,5,0,22,0,0,0,15,37,105,0,43,7
Nyishi,0,4,0,0,7,2,0,0,0,0,0,0,0,0,0,0,0,0,6,4,0,4,0
Mai Brat,0,5,0,0,0,0,0,0,0,0,0,0,0,0,0,0,0,1,0,0,0,3,0
Bagheli,0,37,0,1,10,556,0,0,0,39,0,0,0,0,1,0,0,0,0,3,0,1415,3
Kangri,0,3,0,0,113,1,0,0,0,0,0,0,0,0,0,0,0,0,0,112,0,7,3
Northern Gondi,0,9,0,0,2,10,0,0,0,1,0,0,0,2,3,0,0,2,2,3,0,116,0
Thai,0,2,0,0,3,6,0,7,0,0,1,0,0,0,1,0,0,0,9,8,0,19,1
Amharic,0,16,0,0,14,1,0,5,5,0,0,2,0,0,0,0,0,17,55,80,0,36,3
English,0,4,0,0,6,2,0,2,4,0,0,2,0,0,0,0,0,0,3,46,0,13,1
Shona,0,4,0,0,3,2,0,10,2,0,0,0,0,0,0,0,0,4,4,45,0,17,1
Sylheti,0,1,0,0,0,6,0,0,0,0,0,0,1,0,0,0,0,3,10,0,0,12,0
Turkmen,0,12,0,0,28,2,0,3,0,0,0,1,0,0,0,0,1,8,24,136,0,17,1
Surgujia,0,24,0,0,2,152,0,0,0,35,0,0,0,0,2,0,0,0,0,5,0,1957,1
Rana Tharu,0,9,0,1,6,251,0,0,0,13,0,0,0,0,0,0,0,0,0,2,0,421,0
Spanish,0,1,0,0,1,1,0,3,1,0,0,0,0,0,0,0,0,1,6,4,0,12,0
Mandeali,0,6,0,0,144,17,0,4,0,0,0,0,0,0,0,0,0,3,63,42,0,89,1
Hajong,0,46,0,0,2,134,0,1,0,1,0,0,0,0,5,0,0,3,9,6,1,44,0
Aheri Gondi,0,10,0,3,47,4,0,2,0,0,0,5,0,96,0,0,0,5,12,37,0,128,3
Uripiv-Wala-Rano-Atchin,0,6,0,0,0,0,0,0,1,0,0,0,0,1,0,0,0,10,1,6,0,5,0
Asue Awyu,0,9,0,0,0,0,0,0,0,0,0,0,0,0,0,0,0,4,0,6,0,11,0
Mambae,0,4,0,0,0,1,0,0,0,0,0,0,0,0,0,0,0,0,0,0,0,14,0
Southern Balochi,0,36,0,0,188,0,0,0,0,0,0,0,0,0,0,0,4,1,16,222,0,113,9
Lenakel,0,1,0,0,0,0,0,0,0,0,0,0,0,0,0,0,0,1,0,0,0,0,0
Markweeta,0,1,0,0,0,0,0,0,0,0,0,0,0,0,0,0,0,0,0,0,0,0,0
Maithili,0,4,0,1,3,412,0,0,0,11,0,0,0,0,0,0,0,0,0,4,0,128,3
Wersing,0,2,0,0,0,0,0,0,0,0,0,0,0,0,0,0,0,0,1,0,0,1,0
Saraiki,0,13,0,3,501,6,0,0,0,1,0,0,0,0,0,0,0,0,8,548,0,223,21
Chiquihuitlán Mazatec,0,1,0,0,0,0,0,0,0,0,0,0,0,0,0,0,0,0,0,0,0,4,0
Naga Pidgin,0,4,0,0,3,1,0,1,0,0,0,0,0,0,0,0,0,6,47,12,0,1,0
Tangchangya,0,26,0,0,1,22,0,1,0,0,0,0,0,0,0,0,0,6,2,1,0,9,1
Nimadi,0,24,0,0,28,43,0,0,0,2,0,0,0,0,0,0,0,1,1,77,0,215,2
Chhattisgarhi,0,12,0,0,9,130,0,0,0,17,0,0,0,0,0,0,2,2,0,18,0,4265,11
Iban,0,1,0,0,0,0,0,0,0,0,0,0,0,0,0,0,0,0,0,3,0,1,0
Bisu,0,1,0,0,0,2,0,0,0,0,0,0,0,0,0,0,0,0,0,0,0,8,0
Gunwinggu,0,1,0,0,0,0,0,0,0,0,0,0,0,6,0,0,0,0,0,7,0,0,0
Napu,0,1,0,0,0,0,0,0,0,0,0,0,0,0,0,0,0,0,0,0,0,0,0
Pahari-Potwari,0,7,0,0,170,1,0,0,0,0,0,0,0,0,0,0,1,0,0,94,0,69,5
Swahili (individual language),0,4,0,0,1,1,0,3,0,0,0,0,0,0,0,0,0,2,2,23,0,10,1
Southwest Tanna,0,3,0,0,0,0,0,0,0,0,0,1,0,0,0,0,0,6,2,9,0,10,0
Turkish,0,4,0,0,3,1,0,1,8,0,0,1,0,0,0,0,0,3,28,36,0,6,0
Kok Borok,0,15,0,0,0,12,0,0,0,0,0,0,0,0,0,0,0,4,16,2,0,23,4
Luo (Kenya and Tanzania),0,4,0,0,0,2,0,0,2,0,0,0,0,0,0,0,0,1,4,13,0,6,0
Yoruba,0,7,0,0,0,4,0,4,0,0,0,0,0,0,0,0,0,3,14,57,0,15,1
Moken,0,2,0,0,0,2,0,1,0,1,0,0,0,0,0,0,0,0,1,0,0,0,0
Pangwali,0,5,0,0,189,7,0,0,0,0,0,0,0,0,0,0,0,0,20,714,0,53,4
Bhunjia,0,1,0,0,3,1,0,0,0,0,0,0,0,0,0,0,0,0,0,0,0,10,0
Kinnauri,0,1,0,0,0,0,0,0,0,0,0,0,0,0,1,0,0,0,13,0,0,0,0
Kui (India),0,4,0,0,5,1,0,0,0,0,0,0,0,0,0,0,0,1,4,0,0,8,0
Thulung,0,1,0,0,1,4,0,0,0,0,0,0,0,0,0,0,0,0,1,4,0,13,0
Beami,0,3,0,0,1,0,0,0,0,0,0,0,0,0,0,0,0,1,0,2,0,7,0
Ho,0,8,0,0,3,0,0,0,0,0,0,0,0,1,0,0,0,0,0,1,0,0,0
Duruwa,0,1,0,0,6,0,0,0,0,0,0,0,0,6,0,0,0,0,0,12,0,6,0
Balti,0,2,0,0,1,0,0,1,0,0,0,0,0,0,0,0,0,2,17,2,0,12,1
Hausa,0,10,0,0,8,0,0,6,4,0,0,2,0,0,0,0,0,12,29,94,0,63,0
Persian,0,12,0,0,3,26,0,3,1,0,0,0,0,1,0,0,0,7,26,17,0,87,3
Bagri,0,4,0,0,33,1,0,0,0,0,0,0,0,0,0,0,0,0,1,33,0,57,4
Scots,0,2,0,0,0,0,0,0,0,0,0,0,0,0,0,0,0,0,0,3,0,1,0
Tsakhur,0,1,0,0,0,0,0,0,0,0,0,0,0,0,0,0,0,0,2,1,0,2,0
Aweer,0,2,0,0,8,7,0,1,0,0,0,0,0,5,0,0,0,2,3,27,0,22,1
Batak Toba,0,2,0,0,0,0,0,0,0,0,0,0,0,0,0,0,0,0,0,0,0,0,0
Tetum,0,2,0,0,0,0,0,1,0,0,0,0,0,0,0,0,0,0,0,0,0,4,0
Gambian Wolof,0,2,0,0,0,0,0,0,0,0,0,0,0,0,0,0,0,0,1,0,0,0,0
Mainstream Kenyah,0,2,0,0,0,0,0,0,0,0,0,0,0,1,0,0,0,1,1,3,0,5,0
Waray (Philippines),0,3,0,0,2,6,0,0,0,0,0,0,0,0,0,0,0,1,31,19,0,28,3
Icelandic,0,3,0,0,5,1,0,1,0,0,0,4,0,0,0,0,0,0,1,28,0,4,1
Northern Paiute,0,3,0,0,1,1,0,0,0,0,0,0,0,0,0,0,0,4,3,12,0,6,0
Northern Hindko,0,2,0,0,562,4,0,1,0,0,0,0,0,0,0,0,0,0,2,432,0,72,7
Mangseng,0,1,0,0,0,0,0,0,0,0,0,0,0,0,0,0,0,0,0,0,0,0,0
Oromo,0,10,0,0,12,3,0,5,2,0,0,0,0,5,0,0,0,21,29,68,0,59,0
Uma' Lasan,0,2,0,0,2,0,0,0,0,0,0,0,0,0,0,0,0,0,0,1,0,3,0
Iyo,0,3,0,0,2,1,0,0,0,0,0,0,0,0,0,0,0,1,3,3,0,6,0
Halbi,0,1,0,0,0,2,0,0,0,2,0,0,0,0,1,0,0,0,0,0,0,155,0
Rundi,0,3,0,0,0,0,0,0,0,0,0,0,0,0,0,0,0,2,0,3,0,1,0
Hawaiian,0,8,0,0,3,21,0,0,0,0,0,0,0,0,0,0,0,2,11,20,0,40,1
Mandjak,0,4,0,0,2,0,0,1,0,0,0,1,0,0,0,0,0,2,0,7,0,2,0
Latin,0,4,0,0,7,1,0,0,0,0,0,0,0,0,0,0,0,1,25,85,0,4,0
Tibetan,0,9,0,0,26,10,0,15,5,0,0,0,0,0,0,0,0,5,58,168,0,48,4
Guarani,0,2,0,0,6,5,0,1,0,1,0,0,0,0,0,0,0,0,0,17,1,33,2
Rao,0,3,0,0,3,0,0,0,0,0,0,0,0,0,0,0,0,3,0,9,0,4,1
Hmong Njua,0,3,0,0,1,1,0,0,0,0,0,0,0,0,0,0,0,0,1,4,0,3,1
Camling,0,1,0,0,0,1,0,0,0,0,0,0,0,0,0,0,0,0,0,0,0,2,0
Bola,0,2,0,0,0,0,0,0,0,0,0,0,0,0,0,0,0,0,0,1,0,2,0
Rajbanshi,0,2,0,0,0,6,0,0,0,0,0,0,0,0,0,0,0,0,0,1,0,6,0
Fulah,0,7,0,0,4,8,0,2,4,0,0,1,0,1,0,0,0,5,1,42,0,41,0
Hatam,0,1,0,0,0,0,0,0,0,0,0,0,0,0,0,0,0,0,0,0,0,0,0
Yongkom,0,2,0,0,0,1,0,0,0,1,0,0,0,0,0,0,0,0,0,5,0,2,1
Ghera,0,6,0,0,81,17,0,0,0,0,0,0,0,0,0,0,0,0,6,19,0,496,59
Baruga,0,1,0,0,0,0,0,0,0,0,0,0,0,0,0,0,0,0,0,0,0,1,0
Welsh,0,1,0,0,5,3,0,3,1,0,0,1,0,1,0,0,0,0,15,43,0,10,1
Kalasha,0,5,0,0,21,8,0,3,0,0,0,0,0,0,0,0,0,6,190,43,0,126,2
Chitwania Tharu,0,4,0,0,4,47,0,0,0,5,0,0,0,0,0,0,0,0,0,2,0,65,0
Rohingya,0,2,0,0,0,6,0,0,0,0,0,1,0,0,0,0,0,0,1,0,0,4,0
Yiddish,0,1,0,0,1,1,0,0,0,0,0,0,0,1,0,0,0,0,2,10,0,4,0
Tawallammat Tamajaq,0,1,0,0,6,1,0,0,0,0,0,0,0,0,0,0,0,1,0,31,0,12,0
Chittagonian,0,1,0,0,0,1,0,0,0,0,0,0,0,0,0,0,0,1,0,1,0,3,0
Kathoriya Tharu,0,4,0,0,1,58,0,0,0,0,0,0,0,0,0,0,0,0,0,9,0,87,1
Dogri (individual language),0,1,0,0,79,0,0,0,0,0,0,0,0,0,0,0,3,0,1,36,0,8,3
Chak,0,3,0,0,1,5,0,0,0,0,0,0,0,0,0,0,0,0,1,2,0,3,0
Bidyogo,0,1,0,0,2,0,0,0,0,0,0,0,0,0,0,0,0,0,1,0,0,1,0
Varli,0,1,0,0,0,0,0,0,0,0,0,0,0,0,0,0,0,0,9,0,0,0,0
Indonesian,0,4,0,0,2,1,0,4,1,0,0,0,0,0,0,0,0,17,28,13,0,6,0
Dan,0,1,0,0,0,0,0,0,0,0,0,0,0,0,0,0,0,0,0,0,0,0,0
Arabic,0,3,0,1,3,0,0,2,1,0,0,1,0,0,0,0,0,2,6,19,0,17,0
East Limba,0,3,0,0,0,0,0,0,0,0,0,0,0,0,0,0,0,1,3,1,0,0,0
Khams Tibetan,0,1,0,0,2,0,0,0,0,0,0,0,0,0,0,0,0,0,0,5,0,1,0
Uzbek,0,3,0,0,2,0,0,6,4,0,0,1,0,2,0,0,0,5,15,30,0,4,0
Tetela,0,2,0,0,0,0,0,0,0,0,0,0,0,0,0,0,0,0,0,1,0,0,0
Damal,0,1,0,0,0,0,0,0,0,0,0,0,0,0,0,0,0,0,0,0,0,0,0
Malayic Dayak,0,3,0,0,0,0,0,0,0,0,0,0,0,0,0,0,0,1,0,0,0,4,0
Sora,0,2,0,1,3,1,0,0,0,0,0,0,0,0,0,0,0,0,2,2,0,21,0
Northern Emberá,0,4,0,0,7,5,0,0,0,1,0,0,0,0,0,0,0,1,0,6,0,36,1
Gonja,0,1,0,0,1,0,0,0,0,0,0,0,0,0,0,0,0,0,0,5,0,1,0
Buru (Indonesia),0,1,0,0,0,0,0,0,0,0,0,0,0,0,0,0,0,0,0,0,0,0,0
Yocoboué Dida,0,2,0,0,0,0,0,0,0,0,0,0,0,0,0,0,0,1,0,3,0,2,1
Bhatri,0,3,0,0,0,3,0,0,0,1,0,0,0,0,9,0,0,0,5,0,0,220,0
Mahali,0,3,0,0,3,0,0,0,0,0,0,0,0,0,0,0,0,0,0,2,0,20,0
Garhwali,0,5,0,0,32,5,0,0,0,0,0,0,0,0,0,0,0,2,8,23,0,182,4
Hlai,0,1,0,0,1,8,0,1,0,0,0,0,0,0,0,0,0,2,2,3,0,16,0
Chepang,0,1,0,0,1,2,0,0,0,0,0,0,0,0,0,0,0,0,0,0,0,0,0
Dangaura Tharu,0,4,0,0,0,8,0,0,0,1,0,0,0,0,0,0,0,1,1,1,0,50,0
Cacua,0,1,0,0,0,0,0,0,0,0,0,0,0,0,0,0,0,0,0,0,0,2,0
Hadza,0,2,0,0,0,2,0,0,0,0,0,0,0,0,0,0,0,0,0,0,0,6,0
Iu Mien,0,2,0,0,0,1,0,0,0,0,0,0,0,0,0,0,0,1,1,13,0,9,2
Mandarin Chinese,0,1,0,0,0,0,0,0,0,0,0,0,0,0,0,0,0,0,6,7,0,5,0
Tzeltal,0,2,0,0,0,0,0,0,0,0,0,0,0,0,0,0,0,0,0,0,0,0,0
Western Panjabi,0,1,0,0,43,0,0,0,0,0,0,0,0,0,0,0,2,0,0,47,0,8,2
Harijan Kinnauri,0,2,0,0,0,0,0,0,0,0,0,0,0,0,0,0,0,0,0,0,0,5,0
Chakma,0,5,0,0,1,12,0,0,0,0,0,0,0,0,0,0,0,1,0,2,0,3,0
North Nuaulu,0,5,0,0,0,1,0,0,0,0,0,0,1,0,0,0,0,0,0,2,0,7,0
Tase Naga,0,1,0,0,3,2,0,0,0,0,0,0,0,0,0,0,0,0,2,3,0,8,0
Goan Konkani,0,4,0,0,7,0,0,7,1,0,0,0,0,0,2,0,0,51,348,7,0,16,1
Modern Greek (1453-),0,1,0,0,0,0,0,1,0,0,0,1,0,0,0,0,0,1,1,3,0,0,0
Norwegian Bokmål,0,2,0,0,7,1,0,1,0,0,0,1,0,2,0,0,0,1,16,68,0,7,1
Nyanja,0,4,0,0,2,0,0,0,0,0,0,0,0,0,0,0,0,0,0,4,0,3,0
Kabuverdianu,0,1,0,0,1,0,0,6,2,0,0,0,0,2,0,0,0,2,15,16,0,3,0
Embu,0,1,0,0,0,0,0,0,0,0,0,0,0,0,0,0,0,0,0,0,0,0,0
Faroese,0,4,0,0,10,1,0,1,4,0,0,0,0,0,0,0,0,2,5,55,0,8,0
Andh,0,1,0,0,2,0,0,1,0,0,0,0,0,0,0,0,0,0,1,0,0,1,0
Sonha,0,2,0,0,0,5,0,0,0,0,0,0,0,0,0,0,0,0,1,0,0,28,0
Rabha,0,1,0,0,0,0,0,1,0,0,0,0,0,0,0,0,0,0,2,1,0,10,0
Lodhi,0,3,0,0,7,1,0,0,0,1,0,0,0,0,0,0,0,0,0,1,0,18,0
Emberá-Catío,0,1,0,0,1,0,0,0,0,0,0,0,0,0,0,0,0,0,0,0,0,3,0
Gowlan,0,8,0,0,18,0,0,0,0,0,0,0,0,0,0,0,0,0,0,21,0,85,0
Ngalum,0,1,0,0,0,0,0,0,0,0,0,0,0,0,0,0,0,0,0,0,0,0,0
Kayapó,0,4,0,0,2,3,0,0,0,0,0,0,0,0,0,0,0,1,0,2,0,19,1
Koya,0,1,0,0,2,0,0,0,0,0,0,3,0,0,0,0,0,0,0,0,0,4,1
Musgu,0,1,0,0,0,0,0,0,0,0,0,0,0,0,0,0,0,0,1,0,0,0,0
Manga Kanuri,0,1,0,0,2,0,0,0,0,0,0,0,0,0,0,0,0,1,1,9,0,2,0
Lele (Chad),0,2,0,0,0,0,0,0,0,0,0,0,0,0,0,0,0,0,0,0,0,0,0
Slovenian,0,3,0,0,12,1,0,4,3,0,0,0,0,0,0,0,0,6,13,73,0,17,1
Pattani Malay,0,4,0,0,1,2,0,0,0,0,0,0,0,0,0,0,0,0,1,0,0,5,0
Georgian,0,2,0,0,2,1,0,0,2,0,0,0,0,0,0,0,0,1,4,5,0,2,0
Tetun Dili,0,2,0,0,0,0,0,0,0,1,0,0,0,0,0,0,0,1,0,0,0,2,0
Braj,0,1,0,0,0,0,0,0,0,0,0,0,0,0,0,0,0,0,0,0,0,8,0
Azerbaijani,0,1,0,0,1,0,0,1,0,0,0,0,0,0,0,0,0,0,5,15,0,3,0
Nggem,0,1,0,0,0,0,0,0,0,0,0,0,0,0,0,0,0,0,0,0,0,1,0
Gurung,0,6,0,0,7,25,0,4,0,0,0,0,0,0,0,0,0,9,31,8,0,30,1
Limbu,0,2,0,0,3,0,0,0,0,0,0,0,0,0,0,0,0,1,2,2,0,5,0
Tagal Murut,0,1,0,0,0,1,0,0,0,0,0,0,0,0,0,0,0,0,0,0,0,1,0
Mandinka,0,1,0,0,0,0,0,0,0,0,0,0,0,0,0,0,0,0,0,0,0,0,0
Kei,0,4,0,0,0,0,0,0,0,0,0,0,0,0,0,0,0,0,1,2,0,6,0
Magahi,0,2,0,2,1,91,0,0,0,8,0,0,0,0,0,0,0,0,0,0,0,218,8
Pedi,0,3,0,0,3,1,0,0,0,0,0,0,0,0,0,0,0,2,6,8,0,14,0
Wantoat,0,1,0,0,0,0,0,0,0,0,0,0,0,0,0,0,0,1,0,5,0,1,0
Thangmi,0,3,0,0,0,2,0,1,0,0,0,0,0,0,0,0,0,0,17,3,0,4,0
Esperanto,0,3,0,0,6,1,0,0,1,0,0,1,0,1,0,0,0,3,45,22,0,13,0
Kurmukar,0,3,0,0,0,1,0,0,0,1,0,0,0,0,1,0,0,0,0,0,0,5,0
Biak,0,2,0,0,0,0,0,0,0,0,0,0,0,0,0,0,0,0,0,4,0,8,0
Yemsa,0,2,0,0,0,0,0,0,0,0,0,0,0,0,0,0,0,0,0,0,0,1,0
Mewati,0,2,0,0,2,0,0,0,0,0,0,0,0,0,0,0,0,0,0,0,0,19,0
Yagua,0,1,0,0,7,3,0,0,0,0,0,0,0,0,0,0,0,1,1,15,0,19,2
Slovak,0,1,0,0,0,0,0,0,1,0,0,0,0,0,0,0,0,1,2,13,0,1,0
Bondo,0,1,0,0,0,0,0,0,0,0,0,0,0,0,0,0,0,0,0,0,0,0,0
Central Siberian Yupik,0,1,0,0,0,0,0,0,0,0,0,0,0,0,0,0,0,0,0,0,0,0,0
Khowar,0,1,0,0,1,1,0,0,0,0,0,0,0,0,0,0,0,0,3,0,0,6,1
Wambule,0,1,0,0,0,0,0,0,0,0,0,0,0,0,0,0,0,4,5,0,0,2,0
Cebuano,0,3,0,0,1,0,0,2,0,0,0,0,0,1,0,0,0,1,8,1,0,6,1
Bukit Malay,0,1,0,0,0,0,0,0,0,0,0,0,0,0,0,0,0,2,2,0,0,0,0
Bhattiyali,0,3,0,0,53,0,0,0,0,0,0,0,0,0,0,0,0,3,0,66,0,5,0
Lithuanian,0,1,0,0,2,0,0,3,1,0,0,0,0,0,0,0,0,2,8,21,0,1,0
Morigi,0,1,0,0,0,0,0,0,0,0,0,0,0,0,0,0,0,0,0,0,0,0,0
Caribbean Javanese,0,1,0,0,0,0,0,0,0,0,0,0,0,0,0,0,0,0,0,0,0,0,0
Byangsi,0,2,0,0,5,8,0,4,0,0,0,0,0,1,0,0,0,3,13,19,0,10,2
Rejang,0,1,0,0,0,0,0,0,0,0,0,0,0,0,0,0,0,0,0,0,0,3,0
Chicahuaxtla Triqui,0,1,0,0,0,0,0,0,0,0,0,0,0,0,0,0,0,0,0,7,0,4,1
Central Malay,0,1,0,0,1,1,0,0,0,0,0,0,0,0,0,0,0,0,0,2,0,4,0
Jamamadí,0,2,0,0,2,5,0,0,0,0,0,0,0,0,0,0,0,1,1,4,0,18,0
Kekchí,0,1,0,0,0,0,0,0,0,0,0,0,0,0,0,0,0,0,0,1,0,0,0
Huli,0,1,0,0,0,0,0,0,0,0,0,0,0,0,0,0,0,0,0,0,0,1,0
Yaosakor Asmat,0,1,0,0,0,0,0,0,0,0,0,0,0,0,0,0,0,1,0,3,0,2,0
Tippera,0,4,0,0,2,5,0,0,0,0,0,0,0,0,0,0,0,0,1,2,0,28,1
Sinaugoro,0,1,0,0,0,0,0,0,0,0,0,0,0,0,0,0,0,0,0,0,0,1,0
Lingala,0,1,0,0,0,0,0,2,0,0,0,0,0,0,0,0,0,2,8,4,0,4,0
Luguru,0,1,0,0,0,0,0,0,0,0,0,0,0,0,0,0,0,0,0,0,0,0,0
Dhundari,0,1,0,0,0,0,0,0,0,0,0,0,0,0,0,0,0,0,0,0,0,1,1
Rincón Zapotec,0,1,0,0,0,0,0,0,0,0,0,0,0,0,0,0,0,0,0,0,0,0,0
Benyadu',0,1,0,0,0,0,0,0,0,0,0,0,0,0,0,0,0,0,0,0,0,2,0
Adivasi Oriya,0,1,0,0,0,0,0,0,0,0,0,0,0,0,1,0,0,0,0,0,0,0,0
Malayo,0,1,0,0,0,0,0,0,0,0,0,0,0,0,0,0,0,0,1,1,0,1,0
Hixkaryána,0,1,0,0,1,0,0,0,0,0,0,0,0,0,0,0,0,0,0,0,0,1,0
Irish,0,1,0,0,2,1,0,1,0,0,0,0,0,0,0,0,0,0,1,6,0,2,0
Bodo (India),0,2,0,0,3,1,0,0,0,0,0,0,0,0,0,0,0,0,1,2,0,7,0
Berom,0,1,0,0,0,0,0,0,0,0,0,0,0,0,0,0,0,0,0,0,0,0,0
Sanumá,0,1,0,0,0,1,0,0,0,0,0,0,0,0,0,0,0,0,0,0,0,1,0
Khumi Chin,0,1,0,0,0,0,0,0,0,1,0,0,0,0,0,0,0,0,0,0,0,2,0
Kaluli,0,1,0,0,0,0,0,0,0,0,0,0,0,0,0,0,0,0,0,0,0,3,0
Mískito,0,1,0,0,2,0,0,0,0,0,0,0,0,0,0,0,0,0,0,1,0,5,1
Albanian,0,1,0,0,7,1,0,1,0,0,0,1,0,2,0,0,0,3,16,28,0,4,3
Bhilali,0,1,0,0,0,0,0,0,0,0,0,0,0,0,0,0,0,1,5,0,0,1,0
Aringa,0,1,0,0,0,0,0,0,0,0,0,0,0,0,0,0,0,0,0,0,0,0,0
Koyraboro Senni Songhai,0,1,0,0,2,1,0,0,0,0,0,0,0,0,0,0,0,0,0,0,0,0,0
Bashkir,0,1,0,0,4,0,0,0,0,0,0,0,0,0,0,0,0,1,1,11,0,0,1
Paicî,0,1,0,0,7,0,0,0,0,0,0,0,0,0,0,0,0,2,1,19,0,1,0
Tem,0,1,0,0,0,0,0,0,0,0,0,0,0,0,0,0,0,0,0,5,0,0,0
Aekyom,0,1,0,0,2,3,0,0,0,0,0,0,0,0,0,0,0,0,0,3,0,13,0
Uduk,0,1,0,0,0,0,0,0,0,0,0,0,0,0,0,0,0,0,1,0,0,1,0
Tangoa,0,1,0,0,0,0,0,0,0,0,0,0,0,0,0,0,0,1,0,0,0,1,0
Eastern Khumi Chin,0,1,0,0,0,0,0,0,0,0,0,0,0,0,0,0,0,0,0,0,0,0,0
Dobel,0,1,0,0,0,0,0,0,0,0,0,0,0,0,0,0,0,0,0,0,0,1,0
Kodaku,0,1,0,0,0,1,0,0,0,0,0,0,0,0,0,0,0,0,0,0,0,9,0
Kwamera,0,1,0,0,0,0,0,3,0,0,0,0,0,0,0,0,0,0,2,0,0,2,1
Tajik,0,1,0,0,3,2,0,2,0,0,0,0,0,0,0,0,0,0,7,10,0,20,0
Saint Lucian Creole French,0,1,0,0,0,0,0,0,0,0,0,0,0,0,0,0,0,0,0,0,0,1,0
Hebrew,0,1,0,0,1,3,0,0,0,0,0,0,0,0,0,0,0,2,7,11,0,7,0
Rakhine,0,1,0,0,0,2,0,0,0,0,0,0,0,0,0,0,0,0,0,1,0,1,0
German,0,1,0,0,0,0,0,0,0,0,0,0,0,0,0,0,0,0,0,3,0,0,0
Iraqw,0,1,0,0,0,0,0,0,0,0,0,0,0,0,0,0,0,0,0,2,0,2,0
Borei,0,1,0,0,0,0,0,0,0,0,0,0,0,0,0,0,0,0,0,1,0,0,0
Tok Pisin,0,1,0,0,0,0,0,0,0,0,0,0,0,0,0,0,0,0,0,3,0,0,0
Dyula,0,1,0,0,0,0,0,0,0,0,0,0,0,0,0,0,0,0,0,1,0,0,0
Southern Qiandong Miao,0,1,0,0,0,0,0,0,0,0,0,0,0,0,0,0,0,0,0,0,0,0,0
Tol,0,1,0,0,0,0,0,0,0,0,0,0,0,0,0,0,0,0,0,0,0,0,0
Bakairí,0,1,0,0,2,2,0,0,0,0,0,0,0,0,0,0,0,0,0,0,0,1,0
Garifuna,0,0,0,1,0,0,0,1,0,0,0,0,0,0,0,0,0,1,1,2,0,1,0
Daur,0,0,0,0,5,0,0,0,0,0,0,0,0,0,0,0,0,5,2,12,0,1,0
Interlingua (International Auxiliary Language Association),0,0,0,0,1,0,0,1,1,0,0,0,0,0,0,0,0,0,3,16,0,0,0
Dazaga,0,0,0,0,9,0,0,0,0,0,0,1,0,0,0,0,0,0,2,37,0,4,1
Dogrib,0,0,0,0,1,0,0,0,0,0,0,0,0,0,0,0,0,0,1,1,0,8,0
Gujari,0,0,0,0,69,0,0,0,0,0,0,0,0,0,0,0,0,0,0,53,0,1,0
Irula,0,0,0,0,22,1,0,0,0,0,0,9,0,2,0,0,0,0,1,18,0,1,0
French,0,0,0,0,1,0,0,0,0,0,0,1,0,0,0,0,0,2,5,4,0,0,0
Armenian,0,0,0,0,5,0,0,0,0,0,0,0,0,0,0,0,0,1,6,24,0,2,0
Kachi Koli,0,0,0,0,29,0,0,0,0,0,0,0,0,0,0,0,0,0,0,17,0,0,1
Southern Ghale,0,0,0,0,3,0,0,2,0,0,0,0,0,0,0,0,0,1,5,6,0,3,0
Sansi,0,0,0,0,35,0,0,0,0,0,0,0,0,0,0,0,0,0,0,28,0,2,0
Awadhi,0,0,0,0,1,14,0,0,0,2,0,0,0,0,0,0,0,0,0,1,0,33,1
Zande (individual language),0,0,0,0,3,0,0,0,0,0,0,0,0,0,0,0,0,0,0,9,0,1,0
Pattani,0,0,0,0,1,0,0,1,0,0,0,0,0,0,0,0,0,0,3,1,0,2,0
Bosnian,0,0,0,0,2,2,0,0,1,0,0,0,0,0,0,0,0,0,4,19,0,3,0
Sartang,0,0,0,0,1,0,0,0,0,0,0,0,0,0,0,0,0,0,1,0,0,0,0
Kinyarwanda,0,0,0,0,3,0,0,1,0,0,0,0,0,0,0,0,0,2,0,18,0,2,0
Tinani,0,0,0,0,22,0,0,0,0,0,0,0,0,0,0,0,0,0,1,52,0,8,1
Dano,0,0,0,0,1,0,0,0,0,0,0,0,0,0,0,0,0,0,0,0,0,0,0
Northern Kurdish,0,0,0,0,3,1,0,0,0,0,0,0,0,0,0,0,0,0,0,1,0,2,0
Vaagri Booli,0,0,0,0,19,0,0,0,0,0,0,0,0,0,0,0,0,1,0,7,0,2,0
Varhadi-Nagpuri,0,0,0,0,3,0,0,3,0,0,0,0,0,0,1,0,0,32,88,5,0,10,0
Kija,0,0,0,0,1,2,0,0,0,0,0,0,0,0,0,0,0,0,0,5,0,0,0
Kirghiz,0,0,0,0,1,0,0,0,1,0,0,0,0,0,0,0,0,3,0,3,0,1,0
Gavião Do Jiparaná,0,0,0,0,1,1,0,0,0,0,0,0,0,0,0,0,0,0,0,1,0,1,0
Romanian,0,0,0,0,5,2,0,8,2,0,0,0,0,0,0,0,0,5,33,36,0,12,1
Betta Kurumba,0,0,0,0,4,0,0,0,0,0,0,1,0,1,0,0,0,0,0,3,0,1,1
Tarao Naga,0,0,0,0,1,0,0,0,0,0,0,0,0,0,0,0,0,0,1,0,0,0,0
Tugen,0,0,0,0,1,0,0,0,0,0,0,0,0,0,0,0,0,0,0,2,0,0,0
Dzongkha,0,0,0,0,2,1,0,0,0,0,0,0,0,0,0,0,0,0,1,3,0,4,0
Croatian,0,0,0,0,2,0,0,0,0,0,0,0,0,0,0,0,0,0,4,15,0,3,0
Lolopo,0,0,0,0,1,0,0,0,0,0,0,0,0,0,0,0,0,0,0,0,0,0,0
Andaman Creole Hindi,0,0,0,0,3,0,0,0,0,0,0,0,0,0,0,0,0,0,0,0,0,2,0
Herero,0,0,0,0,2,0,0,0,0,0,0,0,0,0,0,0,0,0,0,1,0,0,0
Japanese,0,0,0,0,1,0,0,0,0,0,0,0,0,0,0,0,0,1,6,26,0,1,1
Amdo Tibetan,0,0,0,0,1,0,0,0,0,0,0,0,0,0,0,0,0,0,1,2,0,0,0
Hungarian,0,0,0,0,1,0,0,0,0,0,0,0,0,0,0,0,0,0,2,7,0,3,0
Ukrainian,0,0,0,0,1,0,0,0,0,0,0,0,0,0,0,0,0,1,0,11,0,0,0
Busang Kayan,0,0,0,0,1,1,0,0,0,0,0,0,0,0,0,0,0,0,1,1,0,1,0
Baure,0,0,0,0,1,0,0,0,0,0,0,0,0,0,0,0,0,0,0,0,0,0,0
Jennu Kurumba,0,0,0,0,4,0,0,0,0,0,0,5,0,0,0,0,0,0,0,1,0,0,0
Ixcatlán Mazatec,0,0,0,0,1,0,0,0,0,0,0,0,0,0,0,0,0,0,0,1,0,0,0
Kudiya,0,0,0,0,1,0,0,0,0,0,0,0,0,0,0,0,0,0,0,0,0,0,0
Gogodala,0,0,0,0,4,13,0,0,0,0,0,0,0,2,0,0,0,0,2,15,0,1,0
Jad,0,0,0,0,1,0,0,0,0,0,0,0,0,0,0,0,0,0,0,0,0,0,0
Tawang Monpa,0,0,0,0,1,0,0,0,0,0,0,0,0,0,0,0,0,0,0,3,0,0,1
Russian,0,0,0,0,2,0,0,0,1,0,0,0,0,0,0,0,0,0,0,6,0,0,0
Salar,0,0,0,0,2,0,0,0,0,0,0,0,0,0,0,0,0,0,0,2,0,0,0
Tatar,0,0,0,0,6,0,0,1,4,0,0,0,0,1,0,0,0,2,4,54,0,4,0
Bench,0,0,0,0,1,0,0,0,0,0,0,0,0,0,0,0,0,1,0,1,0,0,0
Czech,0,0,0,0,2,0,0,0,0,0,0,1,0,0,0,0,0,2,4,8,0,0,0
Borôro,0,0,0,0,2,4,0,0,0,0,0,0,0,0,0,0,0,0,0,4,0,3,0
Marwari (India),0,0,0,0,2,0,0,0,0,0,0,0,0,0,0,0,0,0,0,5,0,1,0
Maria (India),0,0,0,0,2,2,0,0,0,0,0,0,0,5,0,0,0,0,0,1,0,4,0
Mullu Kurumba,0,0,0,0,1,0,0,0,0,0,0,4,0,0,0,0,0,0,0,1,0,0,0
Brahui,0,0,0,0,3,0,0,0,0,0,0,0,0,0,0,0,0,0,0,7,0,7,0
Yakut,0,0,0,0,1,0,0,0,0,0,0,0,0,0,0,0,0,0,0,5,0,0,0
Kazakh,0,0,0,0,7,0,0,1,0,0,0,0,0,1,0,0,0,0,1,44,0,0,0
Italian,0,0,0,0,1,2,0,3,1,0,0,0,0,0,0,0,0,5,18,25,0,4,2
Kabiyè,0,0,0,0,1,0,0,0,0,0,0,0,0,0,0,0,0,0,0,0,0,0,0
Nunggubuyu,0,0,0,0,1,0,0,0,0,0,0,0,0,1,0,0,0,2,2,2,0,1,0
Ganda,0,0,0,0,2,0,0,1,0,0,0,0,0,0,0,0,0,3,1,22,0,3,0
Balanta-Kentohe,0,0,0,0,3,2,0,0,0,0,0,0,0,0,0,0,0,0,1,2,0,1,0
Ambulas,0,0,0,0,2,0,0,0,0,0,0,0,0,0,0,0,0,0,0,1,0,0,0
Moru,0,0,0,0,1,0,0,0,0,0,0,0,0,0,0,0,0,0,0,0,0,0,0
Angor,0,0,0,0,2,1,0,0,0,0,0,0,0,0,0,0,0,0,0,1,0,1,0
Allar,0,0,0,0,6,0,0,0,0,0,0,0,0,0,0,0,0,0,0,8,0,0,0
Bakwé,0,0,0,0,1,0,0,0,0,0,0,0,0,0,0,0,0,0,0,0,0,1,0
Jangshung,0,0,0,0,2,0,0,0,0,0,0,0,0,0,0,0,0,0,7,6,0,7,0
Hmong Daw,0,0,0,0,1,0,0,0,0,0,0,0,0,0,0,0,0,0,1,1,0,1,0
Bulgarian,0,0,0,0,2,0,0,1,1,0,0,0,0,0,0,0,0,0,2,18,0,0,1
Southeastern Dinka,0,0,0,0,1,0,0,0,0,0,0,0,0,0,0,0,0,0,0,2,0,0,0
Ntcham,0,0,0,0,1,0,0,0,0,0,0,0,0,0,0,0,0,0,0,0,0,1,0
Woun Meu,0,0,0,0,1,8,0,0,0,0,0,0,0,0,0,0,0,0,0,0,0,30,0
Shekhawati,0,0,0,0,1,0,0,0,0,0,0,0,0,0,0,0,0,1,0,1,0,2,2
Tagin,0,0,0,0,3,1,0,0,0,0,0,0,0,0,0,0,0,0,1,7,0,2,1
Tagalog,0,0,0,0,1,0,0,2,1,0,0,0,0,0,0,0,0,3,113,7,0,18,0
Iyojwa'ja Chorote,0,0,0,0,1,0,0,0,0,0,0,0,0,0,0,0,0,0,0,0,0,0,0
Mukulu,0,0,0,0,1,0,0,0,0,0,0,0,0,0,0,0,0,0,0,0,0,1,0
Sirionó,0,0,0,0,1,0,0,0,0,0,0,0,0,0,0,0,0,0,0,0,0,0,0
Girawa,0,0,0,0,2,0,0,0,0,0,0,0,0,0,0,0,0,0,0,9,0,4,0
Lacandon,0,0,0,0,1,0,0,0,0,0,0,0,0,0,0,0,0,0,0,0,0,1,0
Serbian,0,0,0,0,1,0,0,0,0,0,0,0,0,0,0,0,0,0,0,2,0,0,0
Western Parbate Kham,0,0,0,0,1,2,0,0,0,0,0,0,0,0,0,0,0,0,4,4,0,12,0
Juang,0,0,0,0,3,0,0,0,0,0,0,0,0,0,0,0,0,0,0,0,0,0,0
Yagaria,0,0,0,0,1,0,0,0,0,0,0,0,0,0,0,0,0,0,0,0,0,0,0
Northern Tepehuan,0,0,0,0,2,0,0,0,0,0,0,0,0,0,0,0,0,0,0,0,0,1,0
Kaingang,0,0,0,0,1,0,0,0,0,0,0,0,0,0,0,0,0,0,0,0,0,1,0
Rathwi Bareli,0,0,0,0,1,0,0,0,0,0,0,0,0,0,0,0,0,6,3,0,0,1,0
Nyungar,0,0,0,0,1,1,0,0,0,0,0,0,0,0,0,0,0,0,0,4,0,2,0
Acheron,0,0,0,0,1,0,0,0,0,0,0,0,0,0,0,0,0,0,0,0,0,0,0
Southern Nambikuára,0,0,0,0,2,0,0,0,0,0,0,0,0,0,0,0,0,1,0,7,0,14,1
Finnish,0,0,0,0,1,0,0,0,0,0,0,0,0,0,0,0,0,0,0,2,0,2,0
Dendi (Benin),0,0,0,0,2,0,0,0,0,0,0,0,0,0,0,0,0,0,0,2,0,0,1
Maquiritari,0,0,0,0,1,0,0,0,0,0,0,0,0,0,0,0,0,0,0,0,0,0,0
Mro-Khimi Chin,0,0,0,0,1,0,0,0,0,0,0,0,0,0,0,0,0,0,0,0,0,0,0
Occitan (post 1500),0,0,0,0,2,0,0,2,0,0,0,0,0,0,0,0,0,11,26,15,0,9,0
Estonian,0,0,0,0,3,0,0,0,0,0,0,1,0,3,0,0,0,2,3,9,0,0,0
Guajá,0,0,0,0,1,1,0,0,0,0,0,0,0,0,0,0,0,0,0,1,0,2,0
Polish,0,0,0,0,1,0,0,0,1,0,0,0,0,0,0,0,0,0,0,6,0,2,0
Ladakhi,0,0,0,0,1,0,0,0,0,0,0,0,0,0,0,0,0,1,0,1,0,1,0
Huastec,0,0,0,0,1,0,0,0,0,0,0,0,0,0,0,0,0,0,0,0,0,2,0
Pökoot,0,0,0,0,1,0,0,0,0,0,0,0,0,0,0,0,0,0,0,0,0,0,0
Gilaki,0,0,0,0,2,0,0,0,0,0,0,0,0,0,0,0,0,0,0,0,0,0,0
Menya,0,0,0,0,1,0,0,0,0,0,0,0,0,0,0,0,0,0,0,1,0,0,0
Swedish,0,0,0,0,1,1,0,0,0,0,0,0,0,0,0,0,0,0,1,10,0,2,0
Malol,0,0,0,0,1,0,0,0,0,0,0,0,0,0,0,0,0,0,0,0,0,0,0
Achang,0,0,0,0,1,1,0,0,0,0,0,0,0,0,0,0,0,0,1,5,0,4,1
Piratapuyo,0,0,0,0,2,0,0,0,0,0,0,0,0,0,0,0,0,1,0,1,0,3,1
Belarusian,0,0,0,0,1,0,0,2,2,0,0,0,0,0,0,0,0,0,0,9,0,3,0
Rendille,0,0,0,0,1,0,0,0,0,0,0,0,0,0,0,0,0,0,1,0,0,0,0
Namia,0,0,0,0,1,0,0,0,0,0,0,0,0,0,0,0,0,0,0,0,0,0,0
Dhivehi,0,0,0,0,2,0,0,0,0,0,0,2,0,1,0,0,0,0,1,25,0,1,0
Crow,0,0,0,0,1,0,0,0,0,0,0,0,0,0,0,0,0,0,0,4,0,1,0
Bazigar,0,0,0,0,1,0,0,0,0,0,0,0,0,0,0,0,0,0,0,0,0,8,0
Ramoaaina,0,0,0,0,1,1,0,0,0,0,0,0,0,0,0,0,0,0,0,2,0,5,0
Aruop,0,0,0,0,1,0,0,0,0,0,0,0,0,0,0,0,0,0,0,0,0,0,0
Ayutla Mixtec,0,0,0,0,1,0,0,0,0,0,0,0,0,0,0,0,0,0,0,1,0,1,0
Danish,0,0,0,0,1,2,0,0,0,0,0,0,0,0,0,0,0,2,3,5,0,3,0
Me'en,0,0,0,0,1,0,0,0,0,0,0,0,0,0,0,0,0,0,0,1,0,0,0
Kire,0,0,0,0,1,0,0,0,0,0,0,0,0,0,0,0,0,0,0,0,0,0,0
Kuikúro-Kalapálo,0,0,0,0,1,0,0,0,0,0,0,0,0,0,0,0,0,0,0,0,0,0,0
Mumuye,0,0,0,0,1,0,0,0,0,0,0,0,0,0,0,0,0,0,0,0,0,0,0
Eastern Highland Chatino,0,0,0,0,1,0,0,0,0,0,0,0,0,0,0,0,0,0,0,0,0,0,1
Hanga,0,0,0,0,1,0,0,0,0,0,0,0,0,0,0,0,0,0,0,0,0,0,0
Tsimané,0,0,0,0,1,0,0,0,0,0,0,0,0,0,0,0,0,0,0,0,0,2,0
Northwestern Kolami,0,0,0,0,1,0,0,0,0,0,0,0,0,0,0,0,0,2,7,0,0,3,0
Lepcha,0,0,0,0,1,2,0,0,0,0,0,0,0,0,0,0,0,0,0,2,0,3,0
Cashinahua,0,0,0,0,1,0,0,0,0,0,0,0,0,0,0,0,0,0,0,0,0,0,0
Ndo,0,0,0,0,1,0,0,0,0,0,0,0,0,0,0,0,0,0,0,0,0,0,0
Mangarrayi,0,0,0,0,1,0,0,0,0,0,0,0,0,0,0,0,0,0,0,2,0,1,0
San Marcos Tlacoyalco Popoloca,0,0,0,0,1,0,0,0,0,0,0,0,0,0,0,0,0,0,0,2,0,2,0
Saho,0,0,0,0,1,0,0,0,0,0,0,0,0,0,0,0,0,0,1,4,0,10,0
Kuman (Papua New Guinea),0,0,0,0,1,0,0,0,0,0,0,0,0,0,0,0,0,0,0,1,0,0,0
Manx,0,0,0,0,1,0,0,1,0,0,0,0,0,0,0,0,0,0,0,2,0,0,0
Amganad Ifugao,0,0,0,0,1,1,0,0,0,0,0,0,0,0,0,0,0,0,0,0,0,1,0
Angal Heneng,0,0,0,0,1,0,0,0,0,0,0,0,0,0,0,0,0,0,0,0,0,1,0
Naasioi,0,0,0,0,1,0,0,0,0,0,0,0,0,0,0,0,0,0,0,0,0,0,0
Even,0,0,0,0,1,0,0,0,0,0,0,0,0,0,0,0,0,0,0,0,0,0,0
Oraon Sadri,0,0,0,0,0,72,0,0,0,3,0,0,0,0,0,0,0,0,0,0,0,47,0
Nias,0,0,0,0,0,3,0,0,0,0,0,0,0,1,0,0,0,1,0,0,0,6,0
Kochila Tharu,0,0,0,0,0,42,0,0,0,0,0,0,0,0,0,0,0,0,0,0,0,6,0
Selaru,0,0,0,0,0,2,0,0,0,0,0,0,0,0,0,0,0,0,0,1,0,1,0
Sunwar,0,0,0,0,0,1,0,0,0,0,0,0,0,0,0,0,0,0,1,0,0,2,0
Pare,0,0,0,0,0,1,0,0,0,0,0,0,0,0,0,0,0,0,0,0,0,0,0
Alyawarr,0,0,0,0,0,1,0,0,0,0,0,0,0,0,0,0,0,1,0,8,0,2,0
Maltese,0,0,0,0,0,1,0,0,0,0,0,0,0,0,0,0,0,2,16,3,0,1,0
Sauria Paharia,0,0,0,0,0,41,0,0,0,0,0,0,0,0,0,0,0,0,0,0,0,13,0
Seri,0,0,0,0,0,1,0,0,0,0,0,0,0,0,0,0,0,0,0,1,0,1,0
Songomeno,0,0,0,0,0,1,0,0,0,0,0,0,0,0,0,0,0,0,0,0,0,0,0
Khaling,0,0,0,0,0,2,0,0,0,0,0,0,0,0,0,0,0,0,0,1,0,0,0
Uma' Lung,0,0,0,0,0,1,0,0,0,0,0,0,0,0,0,0,0,0,0,0,0,0,0
Matbat,0,0,0,0,0,1,0,0,0,0,0,0,0,0,0,0,0,0,0,0,0,0,0
Pirahã,0,0,0,0,0,1,0,0,0,0,0,0,0,0,0,0,0,0,0,0,0,0,0
Caribbean Hindustani,0,0,0,0,0,7,0,0,0,0,0,0,0,0,0,0,0,0,1,3,0,42,1
Northeast Kiwai,0,0,0,0,0,1,0,0,0,0,0,0,0,0,0,0,0,0,1,0,0,8,0
Kanjari,0,0,0,0,0,4,0,0,0,0,0,0,0,0,2,0,0,0,0,0,0,9,0
Chru,0,0,0,0,0,1,0,0,0,0,0,0,0,0,0,0,0,1,0,0,0,0,0
Kanasi,0,0,0,0,0,1,0,0,0,0,0,0,0,0,0,0,0,0,0,0,0,0,0
Dhangu-Djangu,0,0,0,0,0,1,0,0,0,0,0,0,0,0,0,0,0,0,0,2,0,1,0
Dolpo,0,0,0,0,0,1,0,0,0,0,0,0,0,0,0,0,0,0,0,0,0,0,0
Puinave,0,0,0,0,0,1,0,0,0,0,0,0,0,0,0,0,0,0,0,0,0,1,0
Tereno,0,0,0,0,0,1,0,0,0,0,0,0,0,0,0,0,0,0,0,1,0,1,1
Nateni,0,0,0,0,0,1,0,0,0,0,0,0,0,0,0,0,0,0,0,0,0,0,0
Canela,0,0,0,0,0,5,0,0,0,0,0,0,0,0,0,0,0,0,0,0,0,1,0
Guahibo,0,0,0,0,0,2,0,0,0,0,0,0,0,0,0,0,0,0,0,0,0,1,0
Mbukushu,0,0,0,0,0,1,0,0,0,0,0,0,0,0,0,0,0,0,0,0,0,0,0
Ringgou,0,0,0,0,0,1,0,0,0,0,0,0,0,0,0,0,0,0,0,0,0,0,0
Iamalele,0,0,0,0,0,1,0,0,0,0,0,0,0,0,0,0,0,0,0,0,0,0,0
Afrikaans,0,0,0,0,0,1,0,0,0,0,0,0,0,0,0,0,0,0,1,8,0,2,1
Besoa,0,0,0,0,0,2,0,0,0,0,0,0,0,0,0,0,0,0,0,0,0,0,0
Buglere,0,0,0,0,0,2,0,0,0,0,0,0,0,0,0,0,0,0,0,0,0,0,0
Uab Meto,0,0,0,0,0,1,0,0,0,0,0,0,0,0,0,0,0,0,0,0,0,1,0
Darai,0,0,0,0,0,4,0,0,0,0,0,0,0,0,0,0,0,0,0,0,0,2,0
Kaiwá,0,0,0,0,0,1,0,0,0,0,0,0,0,0,0,0,0,0,0,0,0,0,0
Tonga (Tonga Islands),0,0,0,0,0,1,0,0,0,0,0,0,0,0,0,0,0,0,0,1,0,0,0
Lowland Tarahumara,0,0,0,0,0,1,0,0,0,0,0,0,0,0,0,0,0,2,0,7,0,3,0
Jumli,0,0,0,0,0,2,0,0,0,0,0,0,0,0,0,0,0,0,0,0,0,0,0
Semandang,0,0,0,0,0,1,0,0,0,0,0,0,0,0,0,0,0,0,0,0,0,0,0
Bom-Kim,0,0,0,0,0,2,0,0,0,0,0,0,0,0,0,0,0,0,0,0,0,0,0
Seko Padang,0,0,0,0,0,1,0,0,0,0,0,0,0,0,0,0,0,0,0,0,0,0,0
Tiv,0,0,0,0,0,1,0,0,0,0,0,0,0,0,0,0,0,0,0,0,0,0,0
Teop,0,0,0,0,0,2,0,0,0,0,0,0,0,0,0,0,0,0,0,0,0,2,0
Sampang,0,0,0,0,0,1,0,0,0,0,0,0,0,0,0,0,0,0,0,0,0,1,0
Kayabí,0,0,0,0,0,1,0,0,0,0,0,0,0,0,0,0,0,0,1,1,0,1,1
Blang,0,0,0,0,0,1,0,0,0,0,0,0,0,0,0,0,0,0,0,0,0,1,0
Ngäbere,0,0,0,0,0,2,0,0,0,0,0,0,0,0,0,0,0,0,0,0,0,1,0
Keapara,0,0,0,0,0,3,0,0,0,0,0,0,0,0,0,0,0,0,0,0,0,0,0
Bawm Chin,0,0,0,0,0,1,0,0,0,0,0,0,0,0,0,0,0,0,0,0,0,2,0
Mon,0,0,0,0,0,1,0,0,0,0,0,0,0,0,0,0,0,0,0,0,0,0,0
Dhanwar (Nepal),0,0,0,0,0,1,0,0,0,0,0,0,0,0,0,0,0,0,1,0,0,1,0
Loko,0,0,0,0,0,1,0,0,0,0,0,0,0,0,0,0,0,0,0,0,0,0,0
Moi (Indonesia),0,0,0,0,0,1,0,0,0,0,0,0,0,0,0,0,0,0,0,0,0,0,0
Orejón,0,0,0,0,0,1,0,0,0,0,0,0,0,0,0,0,0,0,0,3,0,2,0
Bukar-Sadung Bidayuh,0,0,0,0,0,1,0,0,0,0,0,0,0,0,0,0,0,0,0,0,0,1,0
Newari,0,0,0,0,0,2,0,0,0,0,0,0,0,0,0,0,0,1,3,1,0,3,1
Manikion,0,0,0,0,0,1,0,0,0,0,0,0,0,0,0,0,0,0,0,0,0,0,0
Bada (Indonesia),0,0,0,0,0,1,0,0,0,0,0,0,0,0,0,0,0,0,0,0,0,0,0
Takia,0,0,0,0,0,1,0,0,0,0,0,0,0,0,0,0,0,0,0,1,0,0,0
Busa,0,0,0,0,0,1,0,0,0,0,0,0,0,0,0,0,0,0,0,0,0,0,0
Mufian,0,0,0,0,0,1,0,0,0,0,0,0,0,0,0,0,0,0,0,0,0,3,0
Toaripi,0,0,0,0,0,1,0,0,0,0,0,0,0,0,0,0,0,0,0,1,0,5,0
Bauzi,0,0,0,0,0,1,0,0,0,0,0,0,0,0,0,0,0,0,0,0,0,1,0
Pakaásnovos,0,0,0,0,0,1,0,0,0,0,0,0,0,0,0,0,0,0,0,0,0,4,0
Ticuna,0,0,0,0,0,1,0,0,0,0,0,0,0,0,0,0,0,0,0,0,0,0,0
Yaminahua,0,0,0,0,0,1,0,0,0,0,0,0,0,0,0,0,0,0,0,0,0,1,0
Ayoreo,0,0,0,0,0,1,0,0,0,0,0,0,0,0,0,0,0,0,3,6,0,3,1
K'iche',0,0,0,0,0,1,0,0,0,0,0,0,0,0,0,0,0,0,0,1,0,0,0
Teribe,0,0,0,0,0,1,0,0,0,0,0,0,0,0,0,0,0,0,0,0,0,0,0
Xhosa,0,0,0,0,0,0,0,1,1,0,0,0,0,0,0,0,0,0,0,4,0,5,0
Guayabero,0,0,0,0,0,0,0,1,0,0,0,0,0,0,0,0,0,0,0,0,0,0,0
Galician,0,0,0,0,0,0,0,1,0,0,0,1,0,0,0,0,0,1,2,3,0,3,0
Upper Ta'oih,0,0,0,0,0,0,0,1,0,0,0,0,0,0,0,0,0,0,0,0,0,3,0
Palenquero,0,0,0,0,0,0,0,4,0,0,0,0,0,0,0,0,0,1,0,1,0,14,0
Yanomamö,0,0,0,0,0,0,0,1,0,0,0,0,0,0,0,0,0,0,0,0,0,0,0
Mayangna,0,0,0,0,0,0,0,1,0,0,0,0,0,0,0,0,0,0,0,0,0,0,0
Southern Birifor,0,0,0,0,0,0,0,1,0,0,0,0,0,0,0,0,0,0,0,0,0,0,0
Petats,0,0,0,0,0,0,0,1,0,0,0,0,0,0,0,0,0,0,0,0,0,0,0
Ron,0,0,0,0,0,0,0,1,0,0,0,0,0,0,0,0,0,0,0,0,0,1,0
Matís,0,0,0,0,0,0,0,1,0,0,0,0,0,0,0,0,0,0,0,0,0,0,0
Yue Chinese,0,0,0,0,0,0,0,1,0,0,0,0,0,0,0,0,0,0,0,0,0,0,0
Dhanki,0,0,0,0,0,0,0,1,0,0,0,0,0,0,0,0,0,0,0,0,0,3,0
Basque,0,0,0,0,0,0,0,0,2,0,0,0,0,0,0,0,0,0,3,6,0,1,0
Abkhazian,0,0,0,0,0,0,0,0,1,0,0,0,0,0,0,0,0,0,2,4,0,0,0
Ma'anyan,0,0,0,0,0,0,0,0,0,1,0,0,0,0,0,0,0,0,0,0,0,0,0
Muthuvan,0,0,0,0,0,0,0,0,0,0,0,1,0,0,0,0,0,0,0,0,0,0,0
Ravula,0,0,0,0,0,0,0,0,0,0,0,1,0,0,0,0,0,0,0,0,0,0,0
Tulu,0,0,0,0,0,0,0,0,0,0,0,1,0,0,0,0,0,0,0,0,0,0,0
Mandara,0,0,0,0,0,0,0,0,0,0,0,0,0,1,0,0,0,0,0,0,0,1,0
Buginese,0,0,0,0,0,0,0,0,0,0,0,0,0,1,0,0,0,0,0,0,0,1,0
Waata,0,0,0,0,0,0,0,0,0,0,0,0,0,1,0,0,0,0,1,3,0,3,0
Minangkabau,0,0,0,0,0,0,0,0,0,0,0,0,0,1,0,0,0,1,0,0,0,0,0
Kendayan,0,0,0,0,0,0,0,0,0,0,0,0,0,1,0,0,0,0,0,0,0,0,0
Maay,0,0,0,0,0,0,0,0,0,0,0,0,0,2,0,0,0,0,0,1,0,4,0
Kandawo,0,0,0,0,0,0,0,0,0,0,0,0,0,1,0,0,0,0,1,0,0,0,0
Puroik,0,0,0,0,0,0,0,0,0,0,0,0,0,1,0,0,0,0,4,4,0,0,1
Sankaran Maninka,0,0,0,0,0,0,0,0,0,0,0,0,0,1,0,0,0,0,0,1,0,0,0
Tanudan Kalinga,0,0,0,0,0,0,0,0,0,0,0,0,0,1,0,0,0,0,0,0,0,0,0
Dhuwaya,0,0,0,0,0,0,0,0,0,0,0,0,0,1,0,0,0,0,0,0,0,0,0
Pamplona Atta,0,0,0,0,0,0,0,0,0,0,0,0,0,1,0,0,0,0,1,0,0,0,0
Mawchi,0,0,0,0,0,0,0,0,0,0,0,0,0,0,1,0,0,2,3,0,0,7,0
Korku,0,0,0,0,0,0,0,0,0,0,0,0,0,0,2,0,0,0,0,2,0,3,0
Nahali,0,0,0,0,0,0,0,0,0,0,0,0,0,0,1,0,0,1,0,0,0,4,0
Border Kuna,0,0,0,0,0,0,0,0,0,0,0,0,0,0,0,0,0,1,0,0,0,1,0
Plains Cree,0,0,0,0,0,0,0,0,0,0,0,0,0,0,0,0,0,1,0,1,0,0,0
Nyankole,0,0,0,0,0,0,0,0,0,0,0,0,0,0,0,0,0,2,0,1,0,0,0
Tuma-Irumu,0,0,0,0,0,0,0,0,0,0,0,0,0,0,0,0,0,1,0,0,0,0,0
Ngindo,0,0,0,0,0,0,0,0,0,0,0,0,0,0,0,0,0,1,0,0,0,0,0
Sissala,0,0,0,0,0,0,0,0,0,0,0,0,0,0,0,0,0,1,0,0,0,0,0
Garo,0,0,0,0,0,0,0,0,0,0,0,0,0,0,0,0,0,1,4,1,0,4,0
Bakhtiari,0,0,0,0,0,0,0,0,0,0,0,0,0,0,0,0,0,1,0,0,0,0,0
Amis,0,0,0,0,0,0,0,0,0,0,0,0,0,0,0,0,0,1,0,0,0,0,0
Mitla Zapotec,0,0,0,0,0,0,0,0,0,0,0,0,0,0,0,0,0,1,0,0,0,0,0
Tshangla,0,0,0,0,0,0,0,0,0,0,0,0,0,0,0,0,0,2,1,0,0,0,0
Sunam,0,0,0,0,0,0,0,0,0,0,0,0,0,0,0,0,0,3,0,0,0,0,0
Northern Pumi,0,0,0,0,0,0,0,0,0,0,0,0,0,0,0,0,0,1,0,1,0,1,0
San Blas Kuna,0,0,0,0,0,0,0,0,0,0,0,0,0,0,0,0,0,1,0,1,0,2,0
San Juan Atzingo Popoloca,0,0,0,0,0,0,0,0,0,0,0,0,0,0,0,0,0,1,0,0,0,1,0
Merlav,0,0,0,0,0,0,0,0,0,0,0,0,0,0,0,0,0,1,0,0,0,0,0
Wayuu,0,0,0,0,0,0,0,0,0,0,0,0,0,0,0,0,0,1,0,0,0,0,0
Juquila Mixe,0,0,0,0,0,0,0,0,0,0,0,0,0,0,0,0,0,1,0,0,0,0,0
Waiwai,0,0,0,0,0,0,0,0,0,0,0,0,0,0,0,0,0,1,0,2,0,0,0
El Nayar Cora,0,0,0,0,0,0,0,0,0,0,0,0,0,0,0,0,0,1,0,2,0,2,0
Southeast Ambrym,0,0,0,0,0,0,0,0,0,0,0,0,0,0,0,0,0,1,0,0,0,1,0
Sabaot,0,0,0,0,0,0,0,0,0,0,0,0,0,0,0,0,0,2,1,9,0,1,0
Koalib,0,0,0,0,0,0,0,0,0,0,0,0,0,0,0,0,0,1,0,1,0,0,0
Tzotzil,0,0,0,0,0,0,0,0,0,0,0,0,0,0,0,0,0,1,0,0,0,0,0
Toba,0,0,0,0,0,0,0,0,0,0,0,0,0,0,0,0,0,1,0,0,0,0,1
Western Arrarnta,0,0,0,0,0,0,0,0,0,0,0,0,0,0,0,0,0,1,0,8,0,3,0
Krio,0,0,0,0,0,0,0,0,0,0,0,0,0,0,0,0,0,1,0,0,0,0,0
Ngombe (Democratic Republic of Congo),0,0,0,0,0,0,0,0,0,0,0,0,0,0,0,0,0,1,0,2,0,2,0
Tangko,0,0,0,0,0,0,0,0,0,0,0,0,0,0,0,0,0,0,6,0,0,0,0
Bassari,0,0,0,0,0,0,0,0,0,0,0,0,0,0,0,0,0,0,2,1,0,0,0
Tewa (USA),0,0,0,0,0,0,0,0,0,0,0,0,0,0,0,0,0,0,1,0,0,0,0
Southern Kisi,0,0,0,0,0,0,0,0,0,0,0,0,0,0,0,0,0,0,1,1,0,0,0
Papiamento,0,0,0,0,0,0,0,0,0,0,0,0,0,0,0,0,0,0,1,0,0,1,0
San Martín Itunyoso Triqui,0,0,0,0,0,0,0,0,0,0,0,0,0,0,0,0,0,0,2,1,0,0,0
Kadiwéu,0,0,0,0,0,0,0,0,0,0,0,0,0,0,0,0,0,0,1,1,0,0,0
Bhoti Kinnauri,0,0,0,0,0,0,0,0,0,0,0,0,0,0,0,0,0,0,1,0,0,0,0
Western Bru,0,0,0,0,0,0,0,0,0,0,0,0,0,0,0,0,0,0,1,0,0,0,0
Lugbara,0,0,0,0,0,0,0,0,0,0,0,0,0,0,0,0,0,0,1,0,0,0,0
Galela,0,0,0,0,0,0,0,0,0,0,0,0,0,0,0,0,0,0,3,0,0,0,0
Huehuetla Tepehua,0,0,0,0,0,0,0,0,0,0,0,0,0,0,0,0,0,0,1,0,0,1,0
Jola-Fonyi,0,0,0,0,0,0,0,0,0,0,0,0,0,0,0,0,0,0,1,0,0,0,1
Southern Sotho,0,0,0,0,0,0,0,0,0,0,0,0,0,0,0,0,0,0,1,0,0,0,0
Sango,0,0,0,0,0,0,0,0,0,0,0,0,0,0,0,0,0,0,1,0,0,0,0
Latvian,0,0,0,0,0,0,0,0,0,0,0,0,0,0,0,0,0,0,1,5,0,1,1
Lundayeh,0,0,0,0,0,0,0,0,0,0,0,0,0,0,0,0,0,0,2,0,0,0,0
Hani,0,0,0,0,0,0,0,0,0,0,0,0,0,0,0,0,0,0,1,7,0,2,0
Timugon Murut,0,0,0,0,0,0,0,0,0,0,0,0,0,0,0,0,0,0,1,0,0,0,0
Jadgali,0,0,0,0,0,0,0,0,0,0,0,0,0,0,0,0,0,0,1,0,0,3,0
Yucuna,0,0,0,0,0,0,0,0,0,0,0,0,0,0,0,0,0,0,1,0,0,0,0
Thado Chin,0,0,0,0,0,0,0,0,0,0,0,0,0,0,0,0,0,0,1,0,0,0,0
Wandala,0,0,0,0,0,0,0,0,0,0,0,0,0,0,0,0,0,0,1,0,0,0,0
Wolani,0,0,0,0,0,0,0,0,0,0,0,0,0,0,0,0,0,0,1,1,0,0,0
Lambayeque Quechua,0,0,0,0,0,0,0,0,0,0,0,0,0,0,0,0,0,0,1,0,0,1,0
Dutch,0,0,0,0,0,0,0,0,0,0,0,0,0,0,0,0,0,0,1,1,0,0,0
Awngi,0,0,0,0,0,0,0,0,0,0,0,0,0,0,0,0,0,0,1,0,0,0,0
Korowai,0,0,0,0,0,0,0,0,0,0,0,0,0,0,0,0,0,0,1,2,0,4,0
Kanashi,0,0,0,0,0,0,0,0,0,0,0,0,0,0,0,0,0,0,1,1,0,0,0
Central Bikol,0,0,0,0,0,0,0,0,0,0,0,0,0,0,0,0,0,0,1,0,0,0,0
Yatzachi Zapotec,0,0,0,0,0,0,0,0,0,0,0,0,0,0,0,0,0,0,1,0,0,0,0
Tobanga,0,0,0,0,0,0,0,0,0,0,0,0,0,0,0,0,0,0,1,3,0,1,0
Chortí,0,0,0,0,0,0,0,0,0,0,0,0,0,0,0,0,0,0,1,0,0,1,0
Didinga,0,0,0,0,0,0,0,0,0,0,0,0,0,0,0,0,0,0,1,1,0,0,0
Boko (Benin),0,0,0,0,0,0,0,0,0,0,0,0,0,0,0,0,0,0,1,5,0,1,0
Okiek,0,0,0,0,0,0,0,0,0,0,0,0,0,0,0,0,0,0,1,0,0,0,0
Eastern Maroon Creole,0,0,0,0,0,0,0,0,0,0,0,0,0,0,0,0,0,0,3,0,0,0,0
Ngaanyatjarra,0,0,0,0,0,0,0,0,0,0,0,0,0,0,0,0,0,0,1,0,0,0,1
Lü,0,0,0,0,0,0,0,0,0,0,0,0,0,0,0,0,0,0,1,1,0,3,0
Mopán Maya,0,0,0,0,0,0,0,0,0,0,0,0,0,0,0,0,0,0,1,0,0,0,0
Isirawa,0,0,0,0,0,0,0,0,0,0,0,0,0,0,0,0,0,0,1,0,0,3,0
Sidamo,0,0,0,0,0,0,0,0,0,0,0,0,0,0,0,0,0,0,1,0,0,0,0
Martu Wangka,0,0,0,0,0,0,0,0,0,0,0,0,0,0,0,0,0,0,1,1,0,0,0
Kacipo-Bale Suri,0,0,0,0,0,0,0,0,0,0,0,0,0,0,0,0,0,0,0,1,0,0,0
Papuan Malay,0,0,0,0,0,0,0,0,0,0,0,0,0,0,0,0,0,0,0,1,0,0,0
Baelelea,0,0,0,0,0,0,0,0,0,0,0,0,0,0,0,0,0,0,0,1,0,0,0
Central Awyu,0,0,0,0,0,0,0,0,0,0,0,0,0,0,0,0,0,0,0,1,0,1,0
Macuna,0,0,0,0,0,0,0,0,0,0,0,0,0,0,0,0,0,0,0,2,0,0,0
Bahnar,0,0,0,0,0,0,0,0,0,0,0,0,0,0,0,0,0,0,0,4,0,1,0
Baoulé,0,0,0,0,0,0,0,0,0,0,0,0,0,0,0,0,0,0,0,3,0,0,0
Central Mazahua,0,0,0,0,0,0,0,0,0,0,0,0,0,0,0,0,0,0,0,1,0,0,0
Anindilyakwa,0,0,0,0,0,0,0,0,0,0,0,0,0,0,0,0,0,0,0,2,0,1,0
Igbo,0,0,0,0,0,0,0,0,0,0,0,0,0,0,0,0,0,0,0,3,0,1,0
Mochi,0,0,0,0,0,0,0,0,0,0,0,0,0,0,0,0,0,0,0,2,0,0,0
Zarma,0,0,0,0,0,0,0,0,0,0,0,0,0,0,0,0,0,0,0,1,0,0,0
Hakha Chin,0,0,0,0,0,0,0,0,0,0,0,0,0,0,0,0,0,0,0,2,0,0,0
Ahanta,0,0,0,0,0,0,0,0,0,0,0,0,0,0,0,0,0,0,0,2,0,0,0
Samburu,0,0,0,0,0,0,0,0,0,0,0,0,0,0,0,0,0,0,0,2,0,0,0
Attié,0,0,0,0,0,0,0,0,0,0,0,0,0,0,0,0,0,0,0,1,0,0,0
Walmajarri,0,0,0,0,0,0,0,0,0,0,0,0,0,0,0,0,0,0,0,3,0,0,0
Phu Thai,0,0,0,0,0,0,0,0,0,0,0,0,0,0,0,0,0,0,0,1,0,0,0
Toda,0,0,0,0,0,0,0,0,0,0,0,0,0,0,0,0,0,0,0,1,0,0,0
Northwestern Ojibwa,0,0,0,0,0,0,0,0,0,0,0,0,0,0,0,0,0,0,0,1,0,0,0
Aloápam Zapotec,0,0,0,0,0,0,0,0,0,0,0,0,0,0,0,0,0,0,0,1,0,0,0
Central Kanuri,0,0,0,0,0,0,0,0,0,0,0,0,0,0,0,0,0,0,0,2,0,0,0
Toba-Maskoy,0,0,0,0,0,0,0,0,0,0,0,0,0,0,0,0,0,0,0,1,0,0,0
Dogosé,0,0,0,0,0,0,0,0,0,0,0,0,0,0,0,0,0,0,0,1,0,0,0
Apali,0,0,0,0,0,0,0,0,0,0,0,0,0,0,0,0,0,0,0,3,0,0,0
Sentani,0,0,0,0,0,0,0,0,0,0,0,0,0,0,0,0,0,0,0,2,0,0,0
Kimré,0,0,0,0,0,0,0,0,0,0,0,0,0,0,0,0,0,0,0,3,0,0,0
Kyanga,0,0,0,0,0,0,0,0,0,0,0,0,0,0,0,0,0,0,0,1,0,0,0
Tedim Chin,0,0,0,0,0,0,0,0,0,0,0,0,0,0,0,0,0,0,0,2,0,2,0
Copala Triqui,0,0,0,0,0,0,0,0,0,0,0,0,0,0,0,0,0,0,0,3,0,1,0
Kannada Kurumba,0,0,0,0,0,0,0,0,0,0,0,0,0,0,0,0,0,0,0,2,0,0,0
Benga,0,0,0,0,0,0,0,0,0,0,0,0,0,0,0,0,0,0,0,1,0,1,0
Jola-Kasa,0,0,0,0,0,0,0,0,0,0,0,0,0,0,0,0,0,0,0,1,0,0,0
Budeh Stieng,0,0,0,0,0,0,0,0,0,0,0,0,0,0,0,0,0,0,0,1,0,0,0
Bokyi,0,0,0,0,0,0,0,0,0,0,0,0,0,0,0,0,0,0,0,1,0,0,0
Misima-Panaeati,0,0,0,0,0,0,0,0,0,0,0,0,0,0,0,0,0,0,0,1,0,0,0
Chiquitano,0,0,0,0,0,0,0,0,0,0,0,0,0,0,0,0,0,0,0,1,0,0,0
Tarifit,0,0,0,0,0,0,0,0,0,0,0,0,0,0,0,0,0,0,0,1,0,0,0
Mahou,0,0,0,0,0,0,0,0,0,0,0,0,0,0,0,0,0,0,0,2,0,0,0
Susu,0,0,0,0,0,0,0,0,0,0,0,0,0,0,0,0,0,0,0,1,0,0,0
Gumuz,0,0,0,0,0,0,0,0,0,0,0,0,0,0,0,0,0,0,0,3,0,1,0
Maskelynes,0,0,0,0,0,0,0,0,0,0,0,0,0,0,0,0,0,0,0,1,0,0,0
Upper Guinea Crioulo,0,0,0,0,0,0,0,0,0,0,0,0,0,0,0,0,0,0,0,1,0,0,0
Kupsabiny,0,0,0,0,0,0,0,0,0,0,0,0,0,0,0,0,0,0,0,1,0,0,0
Vlax Romani,0,0,0,0,0,0,0,0,0,0,0,0,0,0,0,0,0,0,0,1,0,0,0
Akawaio,0,0,0,0,0,0,0,0,0,0,0,0,0,0,0,0,0,0,0,1,0,2,0
Arbore,0,0,0,0,0,0,0,0,0,0,0,0,0,0,0,0,0,0,0,2,0,0,0
Xavánte,0,0,0,0,0,0,0,0,0,0,0,0,0,0,0,0,0,0,0,2,0,2,0
Nopala Chatino,0,0,0,0,0,0,0,0,0,0,0,0,0,0,0,0,0,0,0,1,0,0,0
Nambo,0,0,0,0,0,0,0,0,0,0,0,0,0,0,0,0,0,0,0,1,0,1,0
Dawawa,0,0,0,0,0,0,0,0,0,0,0,0,0,0,0,0,0,0,0,1,0,0,0
Chukot,0,0,0,0,0,0,0,0,0,0,0,0,0,0,0,0,0,0,0,2,0,0,0
Wakhi,0,0,0,0,0,0,0,0,0,0,0,0,0,0,0,0,0,0,0,2,0,1,0
Digaro-Mishmi,0,0,0,0,0,0,0,0,0,0,0,0,0,0,0,0,0,0,0,1,0,23,0
Ekari,0,0,0,0,0,0,0,0,0,0,0,0,0,0,0,0,0,0,0,1,0,0,0
Nuer,0,0,0,0,0,0,0,0,0,0,0,0,0,0,0,0,0,0,0,1,0,0,0
Migabac,0,0,0,0,0,0,0,0,0,0,0,0,0,0,0,0,0,0,0,1,0,0,0
Bokobaru,0,0,0,0,0,0,0,0,0,0,0,0,0,0,0,0,0,0,0,1,0,0,0
Batad Ifugao,0,0,0,0,0,0,0,0,0,0,0,0,0,0,0,0,0,0,0,1,0,1,0
Western Apache,0,0,0,0,0,0,0,0,0,0,0,0,0,0,0,0,0,0,0,1,0,1,0
Caquinte,0,0,0,0,0,0,0,0,0,0,0,0,0,0,0,0,0,0,0,1,0,0,0
Ubir,0,0,0,0,0,0,0,0,0,0,0,0,0,0,0,0,0,0,0,1,0,2,0
Ledo Kaili,0,0,0,0,0,0,0,0,0,0,0,0,0,0,0,0,0,0,0,1,0,1,0
Acatepec Me'phaa,0,0,0,0,0,0,0,0,0,0,0,0,0,0,0,0,0,0,0,1,0,0,0
Bari,0,0,0,0,0,0,0,0,0,0,0,0,0,0,0,0,0,0,0,1,0,0,0
Brokskat,0,0,0,0,0,0,0,0,0,0,0,0,0,0,0,0,0,0,0,1,0,0,0
Lalana Chinantec,0,0,0,0,0,0,0,0,0,0,0,0,0,0,0,0,0,0,0,1,0,1,0
Mubami,0,0,0,0,0,0,0,0,0,0,0,0,0,0,0,0,0,0,0,1,0,0,0
Piaroa,0,0,0,0,0,0,0,0,0,0,0,0,0,0,0,0,0,0,0,1,0,1,0
Southern Tiwa,0,0,0,0,0,0,0,0,0,0,0,0,0,0,0,0,0,0,0,1,0,3,0
Kisar,0,0,0,0,0,0,0,0,0,0,0,0,0,0,0,0,0,0,0,1,0,0,0
Khmu,0,0,0,0,0,0,0,0,0,0,0,0,0,0,0,0,0,0,0,1,0,0,0
Turi,0,0,0,0,0,0,0,0,0,0,0,0,0,0,0,0,0,0,0,1,0,1,0
Meyah,0,0,0,0,0,0,0,0,0,0,0,0,0,0,0,0,0,0,0,2,0,0,0
Naxi,0,0,0,0,0,0,0,0,0,0,0,0,0,0,0,0,0,0,0,1,0,0,0
Serer,0,0,0,0,0,0,0,0,0,0,0,0,0,0,0,0,0,0,0,1,0,0,0
Naro,0,0,0,0,0,0,0,0,0,0,0,0,0,0,0,0,0,0,0,3,0,15,0
Bine,0,0,0,0,0,0,0,0,0,0,0,0,0,0,0,0,0,0,0,2,0,0,0
Sissano,0,0,0,0,0,0,0,0,0,0,0,0,0,0,0,0,0,0,0,1,0,1,0
Asho Chin,0,0,0,0,0,0,0,0,0,0,0,0,0,0,0,0,0,0,0,2,0,0,1
Orya,0,0,0,0,0,0,0,0,0,0,0,0,0,0,0,0,0,0,0,1,0,3,0
Zimakani,0,0,0,0,0,0,0,0,0,0,0,0,0,0,0,0,0,0,0,1,0,0,0
Umbundu,0,0,0,0,0,0,0,0,0,0,0,0,0,0,0,0,0,0,0,1,0,1,0
Aari,0,0,0,0,0,0,0,0,0,0,0,0,0,0,0,0,0,0,0,1,0,2,0
Gogo,0,0,0,0,0,0,0,0,0,0,0,0,0,0,0,0,0,0,0,1,0,0,0
Gumatj,0,0,0,0,0,0,0,0,0,0,0,0,0,0,0,0,0,0,0,1,0,1,0
Alekano,0,0,0,0,0,0,0,0,0,0,0,0,0,0,0,0,0,0,0,1,0,1,0
Maore Comorian,0,0,0,0,0,0,0,0,0,0,0,0,0,0,0,0,0,0,0,1,0,0,0
Sherpa,0,0,0,0,0,0,0,0,0,0,0,0,0,0,0,0,0,0,0,1,0,0,0
Epena,0,0,0,0,0,0,0,0,0,0,0,0,0,0,0,0,0,0,0,1,0,2,0
Masai,0,0,0,0,0,0,0,0,0,0,0,0,0,0,0,0,0,0,0,1,0,0,0
Aighon,0,0,0,0,0,0,0,0,0,0,0,0,0,0,0,0,0,0,0,1,0,0,0
Russia Buriat,0,0,0,0,0,0,0,0,0,0,0,0,0,0,0,0,0,0,0,0,0,3,0
Hiligaynon,0,0,0,0,0,0,0,0,0,0,0,0,0,0,0,0,0,0,0,0,0,1,0
Toma,0,0,0,0,0,0,0,0,0,0,0,0,0,0,0,0,0,0,0,0,0,1,1
Agarabi,0,0,0,0,0,0,0,0,0,0,0,0,0,0,0,0,0,0,0,0,0,9,0
Palya Bareli,0,0,0,0,0,0,0,0,0,0,0,0,0,0,0,0,0,0,0,0,0,19,0
Bharia,0,0,0,0,0,0,0,0,0,0,0,0,0,0,0,0,0,0,0,0,0,3,0
Western Juxtlahuaca Mixtec,0,0,0,0,0,0,0,0,0,0,0,0,0,0,0,0,0,0,0,0,0,1,1
Lawangan,0,0,0,0,0,0,0,0,0,0,0,0,0,0,0,0,0,0,0,0,0,1,0
Texmelucan Zapotec,0,0,0,0,0,0,0,0,0,0,0,0,0,0,0,0,0,0,0,0,0,1,0
Shipibo-Conibo,0,0,0,0,0,0,0,0,0,0,0,0,0,0,0,0,0,0,0,0,0,1,0
Tuparí,0,0,0,0,0,0,0,0,0,0,0,0,0,0,0,0,0,0,0,0,0,3,0
Achagua,0,0,0,0,0,0,0,0,0,0,0,0,0,0,0,0,0,0,0,0,0,6,0
Vunjo,0,0,0,0,0,0,0,0,0,0,0,0,0,0,0,0,0,0,0,0,0,1,0
Kachin,0,0,0,0,0,0,0,0,0,0,0,0,0,0,0,0,0,0,0,0,0,2,0
Matu Chin,0,0,0,0,0,0,0,0,0,0,0,0,0,0,0,0,0,0,0,0,0,1,0
Obokuitai,0,0,0,0,0,0,0,0,0,0,0,0,0,0,0,0,0,0,0,0,0,2,0
Kanauji,0,0,0,0,0,0,0,0,0,0,0,0,0,0,0,0,0,0,0,0,0,8,0
Kamano,0,0,0,0,0,0,0,0,0,0,0,0,0,0,0,0,0,0,0,0,0,1,0
Páez,0,0,0,0,0,0,0,0,0,0,0,0,0,0,0,0,0,0,0,0,0,2,0
Magdalena Peñasco Mixtec,0,0,0,0,0,0,0,0,0,0,0,0,0,0,0,0,0,0,0,0,0,1,0
Fijian,0,0,0,0,0,0,0,0,0,0,0,0,0,0,0,0,0,0,0,0,0,1,0
Khirwar,0,0,0,0,0,0,0,0,0,0,0,0,0,0,0,0,0,0,0,0,0,25,0
Parsi,0,0,0,0,0,0,0,0,0,0,0,0,0,0,0,0,0,0,0,0,0,3,0
Shan,0,0,0,0,0,0,0,0,0,0,0,0,0,0,0,0,0,0,0,0,0,3,0
Western Tlacolula Valley Zapotec,0,0,0,0,0,0,0,0,0,0,0,0,0,0,0,0,0,0,0,0,0,1,0
Kembayan,0,0,0,0,0,0,0,0,0,0,0,0,0,0,0,0,0,0,0,0,0,1,0
Wolaytta,0,0,0,0,0,0,0,0,0,0,0,0,0,0,0,0,0,0,0,0,0,1,0
Pauri Bareli,0,0,0,0,0,0,0,0,0,0,0,0,0,0,0,0,0,0,0,0,0,3,0
Dedua,0,0,0,0,0,0,0,0,0,0,0,0,0,0,0,0,0,0,0,0,0,1,0
Venda,0,0,0,0,0,0,0,0,0,0,0,0,0,0,0,0,0,0,0,0,0,2,0
Guambiano,0,0,0,0,0,0,0,0,0,0,0,0,0,0,0,0,0,0,0,0,0,3,0
ǃXóõ,0,0,0,0,0,0,0,0,0,0,0,0,0,0,0,0,0,0,0,0,0,3,0
North Bolivian Quechua,0,0,0,0,0,0,0,0,0,0,0,0,0,0,0,0,0,0,0,0,0,1,0
Yanesha',0,0,0,0,0,0,0,0,0,0,0,0,0,0,0,0,0,0,0,0,0,1,0
Tabasco Chontal,0,0,0,0,0,0,0,0,0,0,0,0,0,0,0,0,0,0,0,0,0,1,0
Pisaflores Tepehua,0,0,0,0,0,0,0,0,0,0,0,0,0,0,0,0,0,0,0,0,0,1,0
Leco,0,0,0,0,0,0,0,0,0,0,0,0,0,0,0,0,0,0,0,0,0,1,0
Ngaju,0,0,0,0,0,0,0,0,0,0,0,0,0,0,0,0,0,0,0,0,0,2,1
Toto,0,0,0,0,0,0,0,0,0,0,0,0,0,0,0,0,0,0,0,0,0,3,0
Curripaco,0,0,0,0,0,0,0,0,0,0,0,0,0,0,0,0,0,0,0,0,0,1,0
Lomwe,0,0,0,0,0,0,0,0,0,0,0,0,0,0,0,0,0,0,0,0,0,1,0
Yosondúa Mixtec,0,0,0,0,0,0,0,0,0,0,0,0,0,0,0,0,0,0,0,0,0,1,0
Wedau,0,0,0,0,0,0,0,0,0,0,0,0,0,0,0,0,0,0,0,0,0,3,0
Mag-antsi Ayta,0,0,0,0,0,0,0,0,0,0,0,0,0,0,0,0,0,0,0,0,0,3,0
Krung,0,0,0,0,0,0,0,0,0,0,0,0,0,0,0,0,0,0,0,0,0,2,0
Yetfa,0,0,0,0,0,0,0,0,0,0,0,0,0,0,0,0,0,0,0,0,0,1,0
Lala-Roba,0,0,0,0,0,0,0,0,0,0,0,0,0,0,0,0,0,0,0,0,0,1,0
Chuj,0,0,0,0,0,0,0,0,0,0,0,0,0,0,0,0,0,0,0,0,0,1,0
Adilabad Gondi,0,0,0,0,0,0,0,0,0,0,0,0,0,0,0,0,0,0,0,0,0,1,0
Angika,0,0,0,0,0,0,0,0,0,0,0,0,0,0,0,0,0,0,0,0,0,3,0
Southeastern Puebla Nahuatl,0,0,0,0,0,0,0,0,0,0,0,0,0,0,0,0,0,0,0,0,0,1,0
Khamyang,0,0,0,0,0,0,0,0,0,0,0,0,0,0,0,0,0,0,0,0,0,1,0
Ibanag,0,0,0,0,0,0,0,0,0,0,0,0,0,0,0,0,0,0,0,0,0,1,0
Kaansa,0,0,0,0,0,0,0,0,0,0,0,0,0,0,0,0,0,0,0,0,0,2,1
Tanimuca-Retuarã,0,0,0,0,0,0,0,0,0,0,0,0,0,0,0,0,0,0,0,0,0,1,0
Eastern Bru,0,0,0,0,0,0,0,0,0,0,0,0,0,0,0,0,0,0,0,0,0,1,0
Powari,0,0,0,0,0,0,0,0,0,0,0,0,0,0,0,0,0,0,0,0,0,9,0
Yamdena,0,0,0,0,0,0,0,0,0,0,0,0,0,0,0,0,0,0,0,0,0,2,0
Lengo,0,0,0,0,0,0,0,0,0,0,0,0,0,0,0,0,0,0,0,0,0,1,0
Sranan Tongo,0,0,0,0,0,0,0,0,0,0,0,0,0,0,0,0,0,0,0,0,0,1,0
Mün Chin,0,0,0,0,0,0,0,0,0,0,0,0,0,0,0,0,0,0,0,0,0,2,0
Bambam,0,0,0,0,0,0,0,0,0,0,0,0,0,0,0,0,0,0,0,0,0,1,0
Araona,0,0,0,0,0,0,0,0,0,0,0,0,0,0,0,0,0,0,0,0,0,3,0
Peñoles Mixtec,0,0,0,0,0,0,0,0,0,0,0,0,0,0,0,0,0,0,0,0,0,1,0
Daasanach,0,0,0,0,0,0,0,0,0,0,0,0,0,0,0,0,0,0,0,0,0,3,0
Amarakaeri,0,0,0,0,0,0,0,0,0,0,0,0,0,0,0,0,0,0,0,0,0,1,0
Secoya,0,0,0,0,0,0,0,0,0,0,0,0,0,0,0,0,0,0,0,0,0,2,1
Fordata,0,0,0,0,0,0,0,0,0,0,0,0,0,0,0,0,0,0,0,0,0,2,0
Western Tawbuid,0,0,0,0,0,0,0,0,0,0,0,0,0,0,0,0,0,0,0,0,0,1,0
Far Western Muria,0,0,0,0,0,0,0,0,0,0,0,0,0,0,0,0,0,0,0,0,0,1,0
Paumarí,0,0,0,0,0,0,0,0,0,0,0,0,0,0,0,0,0,0,0,0,0,3,0
Marghi Central,0,0,0,0,0,0,0,0,0,0,0,0,0,0,0,0,0,0,0,0,0,1,0
Kamayurá,0,0,0,0,0,0,0,0,0,0,0,0,0,0,0,0,0,0,0,0,0,1,0
Eastern Magar,0,0,0,0,0,0,0,0,0,0,0,0,0,0,0,0,0,0,0,0,0,1,0
Vai,0,0,0,0,0,0,0,0,0,0,0,0,0,0,0,0,0,0,0,0,0,2,0
Western Dani,0,0,0,0,0,0,0,0,0,0,0,0,0,0,0,0,0,0,0,0,0,1,0
Purepecha,0,0,0,0,0,0,0,0,0,0,0,0,0,0,0,0,0,0,0,0,0,1,0
Santa Teresa Cora,0,0,0,0,0,0,0,0,0,0,0,0,0,0,0,0,0,0,0,0,0,1,0
San Jerónimo Tecóatl Mazatec,0,0,0,0,0,0,0,0,0,0,0,0,0,0,0,0,0,0,0,0,0,1,0
Chopi,0,0,0,0,0,0,0,0,0,0,0,0,0,0,0,0,0,0,0,0,0,2,0
Baikeno,0,0,0,0,0,0,0,0,0,0,0,0,0,0,0,0,0,0,0,0,0,5,0
Cubeo,0,0,0,0,0,0,0,0,0,0,0,0,0,0,0,0,0,0,0,0,0,1,0
Culina,0,0,0,0,0,0,0,0,0,0,0,0,0,0,0,0,0,0,0,0,0,7,1
Tsamai,0,0,0,0,0,0,0,0,0,0,0,0,0,0,0,0,0,0,0,0,0,1,0
Wayu,0,0,0,0,0,0,0,0,0,0,0,0,0,0,0,0,0,0,0,0,0,1,0
Blagar,0,0,0,0,0,0,0,0,0,0,0,0,0,0,0,0,0,0,0,0,0,2,1
Bete-Bendi,0,0,0,0,0,0,0,0,0,0,0,0,0,0,0,0,0,0,0,0,0,1,0
Galibi Carib,0,0,0,0,0,0,0,0,0,0,0,0,0,0,0,0,0,0,0,0,0,1,0
Zyphe Chin,0,0,0,0,0,0,0,0,0,0,0,0,0,0,0,0,0,0,0,0,0,1,0
Igede,0,0,0,0,0,0,0,0,0,0,0,0,0,0,0,0,0,0,0,0,0,1,0
Dhao,0,0,0,0,0,0,0,0,0,0,0,0,0,0,0,0,0,0,0,0,0,1,1
Bonggi,0,0,0,0,0,0,0,0,0,0,0,0,0,0,0,0,0,0,0,0,0,1,0
Coastal Konjo,0,0,0,0,0,0,0,0,0,0,0,0,0,0,0,0,0,0,0,0,0,1,0
Avaric,0,0,0,0,0,0,0,0,0,0,0,0,0,0,0,0,0,0,0,0,0,1,0
Karekare,0,0,0,0,0,0,0,0,0,0,0,0,0,0,0,0,0,0,0,0,0,1,0
Bilin,0,0,0,0,0,0,0,0,0,0,0,0,0,0,0,0,0,0,0,0,0,1,0
Nadëb,0,0,0,0,0,0,0,0,0,0,0,0,0,0,0,0,0,0,0,0,0,1,0
Konso,0,0,0,0,0,0,0,0,0,0,0,0,0,0,0,0,0,0,0,0,0,1,0
Tehit,0,0,0,0,0,0,0,0,0,0,0,0,0,0,0,0,0,0,0,0,0,1,0
Manumanaw Karen,0,0,0,0,0,0,0,0,0,0,0,0,0,0,0,0,0,0,0,0,0,1,0
Kusaal,0,0,0,0,0,0,0,0,0,0,0,0,0,0,0,0,0,0,0,0,0,1,0
Baniwa,0,0,0,0,0,0,0,0,0,0,0,0,0,0,0,0,0,0,0,0,0,3,0
Morisyen,0,0,0,0,0,0,0,0,0,0,0,0,0,0,0,0,0,0,0,0,0,1,0
Metlatónoc Mixtec,0,0,0,0,0,0,0,0,0,0,0,0,0,0,0,0,0,0,0,0,0,1,1
Cabécar,0,0,0,0,0,0,0,0,0,0,0,0,0,0,0,0,0,0,0,0,0,2,0
Parecís,0,0,0,0,0,0,0,0,0,0,0,0,0,0,0,0,0,0,0,0,0,1,0
Ngulu,0,0,0,0,0,0,0,0,0,0,0,0,0,0,0,0,0,0,0,0,0,1,0
Mezquital Otomi,0,0,0,0,0,0,0,0,0,0,0,0,0,0,0,0,0,0,0,0,0,1,0
Makhuwa,0,0,0,0,0,0,0,0,0,0,0,0,0,0,0,0,0,0,0,0,0,1,0
Guinea Kpelle,0,0,0,0,0,0,0,0,0,0,0,0,0,0,0,0,0,0,0,0,0,1,0
Bauni,0,0,0,0,0,0,0,0,0,0,0,0,0,0,0,0,0,0,0,0,0,2,0
Ignaciano,0,0,0,0,0,0,0,0,0,0,0,0,0,0,0,0,0,0,0,0,0,1,0
Xerénte,0,0,0,0,0,0,0,0,0,0,0,0,0,0,0,0,0,0,0,0,0,1,0
Central Tunebo,0,0,0,0,0,0,0,0,0,0,0,0,0,0,0,0,0,0,0,0,0,1,0
Tucano,0,0,0,0,0,0,0,0,0,0,0,0,0,0,0,0,0,0,0,0,0,1,0
Malawi Lomwe,0,0,0,0,0,0,0,0,0,0,0,0,0,0,0,0,0,0,0,0,0,1,0
Luxembourgish,0,0,0,0,0,0,0,0,0,0,0,0,0,0,0,0,0,0,0,0,0,1,0
Nyole,0,0,0,0,0,0,0,0,0,0,0,0,0,0,0,0,0,0,0,0,0,1,0
Bukusu,0,0,0,0,0,0,0,0,0,0,0,0,0,0,0,0,0,0,0,0,0,1,0
Gwichʼin,0,0,0,0,0,0,0,0,0,0,0,0,0,0,0,0,0,0,0,0,0,1,0
Mapudungun,0,0,0,0,0,0,0,0,0,0,0,0,0,0,0,0,0,0,0,0,0,1,0
Iduna,0,0,0,0,0,0,0,0,0,0,0,0,0,0,0,0,0,0,0,0,0,1,0
Juǀʼhoan,0,0,0,0,0,0,0,0,0,0,0,0,0,0,0,0,0,0,0,0,0,1,0
Kenga,0,0,0,0,0,0,0,0,0,0,0,0,0,0,0,0,0,0,0,0,0,1,0
Luang,0,0,0,0,0,0,0,0,0,0,0,0,0,0,0,0,0,0,0,0,0,1,0
Shanga,0,0,0,0,0,0,0,0,0,0,0,0,0,0,0,0,0,0,0,0,0,1,0
Saramaccan,0,0,0,0,0,0,0,0,0,0,0,0,0,0,0,0,0,0,0,0,0,1,0
Navajo,0,0,0,0,0,0,0,0,0,0,0,0,0,0,0,0,0,0,0,0,0,1,0
Belize Kriol English,0,0,0,0,0,0,0,0,0,0,0,0,0,0,0,0,0,0,0,0,0,1,0
Kamoro,0,0,0,0,0,0,0,0,0,0,0,0,0,0,0,0,0,0,0,0,0,1,0
Ewe,0,0,0,0,0,0,0,0,0,0,0,0,0,0,0,0,0,0,0,0,0,1,0
Isanzu,0,0,0,0,0,0,0,0,0,0,0,0,0,0,0,0,0,0,0,0,0,1,0
Termanu,0,0,0,0,0,0,0,0,0,0,0,0,0,0,0,0,0,0,0,0,0,1,0
Palantla Chinantec,0,0,0,0,0,0,0,0,0,0,0,0,0,0,0,0,0,0,0,0,0,1,0
Nilamba,0,0,0,0,0,0,0,0,0,0,0,0,0,0,0,0,0,0,0,0,0,1,0
Southeastern Tepehuan,0,0,0,0,0,0,0,0,0,0,0,0,0,0,0,0,0,0,0,0,0,2,0
Noiri,0,0,0,0,0,0,0,0,0,0,0,0,0,0,0,0,0,0,0,0,0,1,1
Casiguran Dumagat Agta,0,0,0,0,0,0,0,0,0,0,0,0,0,0,0,0,0,0,0,0,0,1,0
Kipsigis,0,0,0,0,0,0,0,0,0,0,0,0,0,0,0,0,0,0,0,0,0,0,1
Miju-Mishmi,0,0,0,0,0,0,0,0,0,0,0,0,0,0,0,0,0,0,0,0,0,0,1
Talise,0,0,0,0,0,0,0,0,0,0,0,0,0,0,0,0,0,0,0,0,0,0,1
Sochiapam Chinantec,0,0,0,0,0,0,0,0,0,0,0,0,0,0,0,0,0,0,0,0,0,0,1
Urubú-Kaapor,0,0,0,0,0,0,0,0,0,0,0,0,0,0,0,0,0,0,0,0,0,0,1
